frame,ear,threshold,mov_ear_3,mov_ear_5,mov_ear_7
0,1.0,0,,,
1,1.0,0,,,
2,1.0,0,1.0,,
3,1.0,0,1.0,1.0,
4,1.0,0,1.0,1.0,1.0
5,1.0,0,1.0,1.0,1.0
6,1.0,0,1.0,1.0,1.0
7,1.0,0,1.0,1.0,1.0
8,1.0,0,1.0,1.0,1.0
9,1.0,0,1.0,1.0,1.0
10,1.0,0,1.0,1.0,1.0
11,1.0,0,1.0,1.0,1.0
12,1.0,0,1.0,1.0,1.0
13,1.0,0,1.0,1.0,1.0
14,1.0,0,1.0,1.0,1.0
15,1.0,0,1.0,1.0,1.0
16,1.0,0,1.0,1.0,1.0
17,1.0,0,1.0,1.0,1.0
18,1.0,0,1.0,1.0,1.0
19,1.0,0,1.0,1.0,1.0
20,1.0,0,1.0,1.0,1.0
21,1.0,0,1.0,1.0,1.0
22,1.0,0,1.0,1.0,1.0
23,1.0,0,1.0,1.0,1.0
24,1.0,0,1.0,1.0,1.0
25,1.0,0,1.0,1.0,1.0
26,1.0,0,1.0,1.0,1.0
27,1.0,0,1.0,1.0,1.0
28,1.0,0,1.0,1.0,1.0
29,1.0,0,1.0,1.0,1.0
30,1.0,0,1.0,1.0,1.0
31,1.0,0,1.0,1.0,1.0
32,1.0,0,1.0,1.0,1.0
33,1.0,0,1.0,1.0,1.0
34,1.0,0,1.0,1.0,1.0
35,1.0,0,1.0,1.0,1.0
36,1.0,0,1.0,1.0,1.0
37,1.0,0,1.0,1.0,1.0
38,1.0,0,1.0,1.0,1.0
39,1.0,0,1.0,1.0,1.0
40,1.0,0,1.0,1.0,1.0
41,1.0,0,1.0,1.0,1.0
42,1.0,0,1.0,1.0,1.0
43,1.0,0,1.0,1.0,1.0
44,1.0,0,1.0,1.0,1.0
45,1.0,0,1.0,1.0,1.0
46,1.0,0,1.0,1.0,1.0
47,1.0,0,1.0,1.0,1.0
48,1.0,0,1.0,1.0,1.0
49,1.0,0,1.0,1.0,1.0
50,1.0,0,1.0,1.0,1.0
51,1.0,0,1.0,1.0,1.0
52,1.0,0,1.0,1.0,1.0
53,1.0,0,1.0,1.0,1.0
54,1.0,0,1.0,1.0,1.0
55,1.0,0,1.0,1.0,1.0
56,1.0,0,1.0,1.0,1.0
57,1.0,0,1.0,1.0,1.0
58,1.0,0,1.0,1.0,1.0
59,1.0,0,1.0,1.0,1.0
60,1.0,0,1.0,1.0,1.0
61,1.0,0,1.0,1.0,1.0
62,1.0,0,1.0,1.0,1.0
63,1.0,0,1.0,1.0,1.0
64,1.0,0,1.0,1.0,1.0
65,1.0,0,1.0,1.0,1.0
66,1.0,0,1.0,1.0,1.0
67,1.0,0,1.0,1.0,1.0
68,1.0,0,1.0,1.0,1.0
69,1.0,0,1.0,1.0,1.0
70,1.0,0,1.0,1.0,1.0
71,1.0,0,1.0,1.0,1.0
72,1.0,0,1.0,1.0,1.0
73,1.0,0,1.0,1.0,1.0
74,1.0,0,1.0,1.0,1.0
75,1.0,0,1.0,1.0,1.0
76,1.0,0,1.0,1.0,1.0
77,1.0,0,1.0,1.0,1.0
78,1.0,0,1.0,1.0,1.0
79,1.0,0,1.0,1.0,1.0
80,1.0,0,1.0,1.0,1.0
81,1.0,0,1.0,1.0,1.0
82,1.0,0,1.0,1.0,1.0
83,1.0,0,1.0,1.0,1.0
84,1.0,0,1.0,1.0,1.0
85,1.0,0,1.0,1.0,0.8857142857142861
86,1.0,0,1.0,0.8400000000000005,0.7485714285714299
87,0.19999999999999996,0,0.7333333333333343,0.6480000000000018,0.6640000000000015
88,0.039999999999999925,0,0.4133333333333364,0.5296000000000021,0.6470857142857166
89,0.4079999999999999,1,0.21600000000000344,0.5059200000000033,0.6437028571428597
90,0.8815999999999999,0,0.4432000000000045,0.5011840000000035,0.6430262857142891
91,0.97632,0,0.7553066666666695,0.6602368000000041,0.642890971428575
92,0.9952639999999999,0,0.9510613333333376,0.8520473600000031,0.757149622857146
93,0.9990528000000001,0,0.9902122666666694,0.9704094720000029,0.8942870674285744
94,0.99981056,0,0.9980424533333357,0.9940818944000028,0.978857413485717
95,0.999962112,0,0.999608490666669,0.9988163788800023,0.995771482697145
96,0.9999924224000001,0,0.9999216981333348,0.9997632757760015,0.9991542965394302
97,0.9999984844800001,0,0.9999843396266689,0.9999526551552009,0.9998308593078856
98,0.999999696896,0,0.9999968679253328,0.9999905310310396,0.9999661718615768
99,0.9999999393792001,0,0.9999993735850646,0.9999981062062062,0.9999932343723158
100,0.99999998787584,0,0.9999998747170101,0.9999996212412412,0.9999986468744636
101,0.999999997575168,0,0.999999974943402,0.9999999242482488,0.9999997293748939
102,0.9999999995150336,0,0.9999999949886842,0.9999999848496515,0.9999999458749796
103,0.9999999999030067,0,0.9999999989977416,0.9999999969699331,0.9999999891749971
104,0.9999999999806013,0,0.9999999997995511,0.9999999993939894,0.9999999978350006
105,0.9999999999961202,0,0.9999999999599112,0.9999999998787985,0.9999999995670014
106,0.9999999999992241,0,0.9999999999919803,0.9999999999757592,0.999999999913401
107,0.9999999999998448,0,0.9999999999983942,0.9999999999951512,0.9999999999826811
108,0.9999999999999689,0,0.9999999999996779,0.9999999999990308,0.9999999999965367
109,0.9999999999999938,0,0.9999999999999384,0.9999999999998067,0.9999999999993078
110,0.9999999999999987,0,0.9999999999999906,0.999999999999963,0.999999999999862
111,0.9999999999999998,0,1.0,0.9999999999999943,0.9999999999999736
112,1.0,0,1.0,1.0,0.9999999999999959
113,1.0,0,1.0,1.0,1.0
114,1.0,0,1.0,1.0,1.0
115,1.0,0,1.0,1.0,1.0
116,1.0,0,1.0,1.0,1.0
117,1.0,0,1.0,1.0,1.0
118,1.0,0,1.0,1.0,1.0
119,1.0,0,1.0,1.0,1.0
120,1.0,0,1.0,1.0,1.0
121,1.0,0,1.0,1.0,1.0
122,1.0,0,1.0,1.0,1.0
123,1.0,0,1.0,1.0,1.0
124,1.0,0,1.0,1.0,1.0
125,1.0,0,1.0,1.0,1.0
126,1.0,0,1.0,1.0,1.0
127,1.0,0,1.0,1.0,1.0
128,1.0,0,1.0,1.0,1.000000000000002
129,1.0,0,1.0,1.0000000000000029,1.000000000000002
130,1.0,0,1.0000000000000047,1.0000000000000029,1.000000000000002
131,1.0,0,1.0000000000000047,1.0000000000000029,1.000000000000002
132,1.0,0,1.0000000000000047,1.0000000000000029,1.000000000000002
133,1.0,0,1.0,1.0000000000000029,1.000000000000002
134,1.0,0,1.0,1.0,0.9428571428571441
135,1.0,0,1.0,0.9199999999999988,0.817142857142857
136,0.6,0,0.8666666666666648,0.7439999999999998,0.7920000000000016
137,0.11999999999999994,0,0.5733333333333329,0.7088000000000022,0.7869714285714297
138,0.824,0,0.5146666666666704,0.7017600000000016,0.7859657142857169
139,0.9648,0,0.6362666666666712,0.7003520000000037,0.7857645714285744
140,0.9929600000000001,0,0.9272533333333399,0.7800704000000053,0.7857243428571467
141,0.998592,0,0.9854506666666699,0.9560140800000057,0.8428591542857191
142,0.9997184,0,0.9970901333333396,0.9912028160000034,0.9685718308571479
143,0.99994368,0,0.9994180266666698,0.9982405632000052,0.9937143661714336
144,0.9999887359999999,0,0.9998836053333378,0.9996481126400056,0.99874287323429
145,0.9999977472,0,0.9999767210666732,0.9999296225280034,0.9997485746468604
146,0.99999954944,0,0.9999953442133366,0.999985924505603,0.9999497149293737
147,0.9999999098879999,0,0.9999990688426692,0.9999971849011218,0.9999899429858772
148,0.9999999819776,0,0.9999998137685301,0.9999994369802266,0.9999979885971787
149,0.99999999639552,0,0.9999999627537098,0.9999998873960465,0.9999995977194374
150,0.999999999279104,0,0.9999999925507458,0.9999999774792115,0.9999999195438859
151,0.9999999998558208,0,0.999999998510153,0.9999999954958412,0.9999999839087772
152,0.9999999999711642,0,0.9999999997020268,0.9999999990991683,0.999999996781753
153,0.9999999999942328,0,0.9999999999403997,0.9999999998198291,0.8857142850706339
154,0.9999999999988465,0,0.9999999999880723,0.839999999963959,0.7485714284426958
155,0.19999999999976925,0,0.7333333333309421,0.6479999999927883,0.7211428571171073
156,0.039999999999953795,0,0.4133333333328532,0.6095999999985565,0.7156571428519912
157,0.8079999999999907,1,0.3493333333332392,0.6019199999997114,0.7145599999989705
158,0.9615999999999982,0,0.6031999999999869,0.6003839999999456,0.7143405714283679
159,0.9923199999999996,0,0.9206400000000011,0.760076799999996,0.7142966857142474
160,0.9984639999999999,0,0.9841280000000078,0.9520153600000014,0.8285736228571393
161,0.9996927999999999,0,0.9968256000000034,0.9904030720000037,0.9657147245714311
162,0.99993856,0,0.9993651200000025,0.9980806144000042,0.9931429449142887
163,0.999987712,0,0.9998730240000006,0.999616122880002,0.9986285889828578
164,0.9999975424,0,0.999974604800002,0.999923224575997,0.9997257177965692
165,0.99999950848,0,0.9999949209599966,0.999984644915196,0.9999451435593097
166,0.999999901696,0,0.9999989841919898,0.9999969289830346,0.9999890287118579
167,0.9999999803392,0,0.9999997968383904,0.999999385796599,0.9999978057423675
168,0.99999999606784,0,0.9999999593676705,0.9999998771593142,0.9999995611484687
169,0.999999999213568,0,0.9999999918735322,0.9999999754318594,0.9999999122296889
170,0.9999999998427136,0,0.9999999983747045,0.9999999950863696,0.9999999824459361
171,0.9999999999685427,0,0.9999999996749409,0.9999999990172739,0.999999996489188
172,0.9999999999937086,0,0.9999999999349901,0.9999999998034582,0.9999999992978376
173,0.9999999999987417,0,0.9999999999870018,0.9999999999606928,0.9999999998595683
174,0.9999999999997483,0,0.9999999999974042,0.9999999999921385,0.9999999999719152
175,0.9999999999999497,0,0.999999999999479,0.9999999999984311,0.9999999999943847
176,0.9999999999999899,0,0.9999999999998958,0.9999999999996874,0.9999999999988793
177,0.999999999999998,0,0.999999999999981,0.9999999999999375,0.9999999999997767
178,0.9999999999999996,0,1.0,0.9999999999999887,0.9999999999999554
179,0.9999999999999999,0,1.0,1.0,0.9999999999999919
180,1.0,0,1.0,1.0,1.0
181,1.0,0,1.0,1.0,1.0
182,1.0,0,1.0,1.0,1.0
183,1.0,0,1.0,1.0,1.0
184,1.0,0,1.0,1.0,1.0
185,1.0,0,1.0,1.0,1.0
186,1.0,0,1.0,1.0,1.0
187,1.0,0,1.0,1.0,1.0
188,1.0,0,1.0,1.0,1.0
189,1.0,0,1.0,1.0,1.0
190,1.0,0,1.0,1.0,1.0
191,1.0,0,1.0,1.0,1.0
192,1.0,0,1.0,1.0,1.0
193,1.0,0,1.0,1.0,1.0
194,1.0,0,1.0,1.0,1.0
195,1.0,0,1.0,1.0,1.0
196,1.0,0,1.0,1.0,1.0
197,1.0,0,1.0,1.0,1.0
198,1.0,0,1.0,1.0,1.0
199,1.0,0,1.0,1.0,1.0
200,1.0,0,1.0,1.0,1.0
201,1.0,0,1.0,1.0,1.0
202,1.0,0,1.0,1.0,1.0
203,1.0,0,1.0,1.0,1.0
204,1.0,0,1.0,1.0,1.0
205,1.0,0,1.0,1.0,1.0
206,1.0,0,1.0,1.0,1.0
207,1.0,0,1.0,1.0,1.0
208,1.0,0,1.0,1.0,1.0
209,1.0,0,1.0,1.0,1.0
210,1.0,0,1.0,1.0,1.0
211,1.0,0,1.0,1.0,1.0
212,1.0,0,1.0,1.0,1.0
213,1.0,0,1.0,1.0,1.0
214,1.0,0,1.0,1.0,1.0
215,1.0,0,1.0,1.0,1.0
216,1.0,0,1.0,1.0,1.0
217,1.0,0,1.0,1.0,1.0
218,1.0,0,1.0,1.0,1.0
219,1.0,0,1.0,1.0,1.0
220,1.0,0,1.0,1.0,1.0
221,1.0,0,1.0,1.0,1.0
222,1.0,0,1.0,1.0,1.0
223,1.0,0,1.0,1.0,1.0
224,1.0,0,1.0,1.0,1.0
225,1.0,0,1.0,1.0,1.0
226,1.0,0,1.0,1.0,1.0
227,1.0,0,1.0,1.0,1.0
228,1.0,0,1.0,1.0,1.0
229,1.0,0,1.0,1.0,1.0
230,1.0,0,1.0,1.0,1.0
231,1.0,0,1.0,1.0,1.0
232,1.0,0,1.0,1.0,1.0
233,1.0,0,1.0,1.0,1.0
234,1.0,0,1.0,1.0,1.0
235,1.0,0,1.0,1.0,1.0
236,1.0,0,1.0,1.0,1.0
237,1.0,0,1.0,1.0,1.0
238,1.0,0,1.0,1.0,1.0
239,1.0,0,1.0,1.0,1.0
240,1.0,0,1.0,1.0,1.0
241,1.0,0,1.0,1.0,1.0
242,1.0,0,1.0,1.0,1.0
243,1.0,0,1.0,1.0,1.0
244,1.0,0,1.0,1.0,1.0
245,1.0,0,1.0,1.0,1.0
246,1.0,0,1.0,1.0,1.0
247,1.0,0,1.0,1.0,1.0
248,1.0,0,1.0,1.0,1.0
249,1.0,0,1.0,1.0,1.0
250,1.0,0,1.0,1.0,1.0
251,1.0,0,1.0,1.0,1.0
252,1.0,0,1.0,1.0,1.0
253,1.0,0,1.0,1.0,1.0
254,1.0,0,1.0,1.0,1.0
255,1.0,0,1.0,1.0,1.0
256,1.0,0,1.0,1.0,1.0
257,1.0,0,1.0,1.0,1.0
258,1.0,0,1.0,1.0,1.0
259,1.0,0,1.0,1.0,1.000000000000004
260,1.0,0,1.0,1.0000000000000058,1.000000000000004
261,1.0,0,1.0000000000000095,1.0000000000000058,1.000000000000004
262,1.0,0,1.0000000000000095,1.0000000000000058,1.000000000000004
263,1.0,0,1.0000000000000095,1.0000000000000058,1.000000000000004
264,1.0,0,1.0,1.0000000000000058,1.000000000000004
265,1.0,0,1.0,1.0,1.000000000000004
266,1.0,0,1.0,1.0,1.0
267,1.0,0,1.0,1.0,1.0
268,1.0,0,1.0,1.0,1.0
269,1.0,0,1.0,1.0,1.0
270,1.0,0,1.0,1.0,1.0
271,1.0,0,1.0,1.0,1.0
272,1.0,0,1.0,1.0,1.0
273,1.0,0,1.0,1.0,1.0
274,1.0,0,1.0,1.0,1.0
275,1.0,0,1.0,1.0,1.0
276,1.0,0,1.0,1.0,1.0
277,1.0,0,1.0,1.0,1.0
278,1.0,0,1.0,1.0,1.0
279,1.0,0,1.0,1.0,1.0
280,1.0,0,1.0,1.0,1.0
281,1.0,0,1.0,1.0,1.0
282,1.0,0,1.0,1.0,1.0
283,1.0,0,1.0,1.0,1.0
284,1.0,0,1.0,1.0,1.0
285,1.0,0,1.0,1.0,1.0
286,1.0,0,1.0,1.0,1.0
287,1.0,0,1.0,1.0,1.0
288,1.0,0,1.0,1.0,1.0
289,1.0,0,1.0,1.0,1.0
290,1.0,0,1.0,1.0,1.0
291,1.0,0,1.0,1.0,1.0
292,1.0,0,1.0,1.0,1.0
293,1.0,0,1.0,1.0,1.0
294,1.0,0,1.0,1.0,1.0
295,1.0,0,1.0,1.0,1.0
296,1.0,0,1.0,1.0,1.0
297,1.0,0,1.0,1.0,1.0
298,1.0,0,1.0,1.0,1.0
299,1.0,0,1.0,1.0,1.0
300,1.0,0,1.0,1.0,1.0
301,1.0,0,1.0,1.0,1.0
302,1.0,0,1.0,1.0,1.0
303,1.0,0,1.0,1.0,1.0
304,1.0,0,1.0,1.0,1.0
305,1.0,0,1.0,1.0,0.9824362530363422
306,1.0,0,1.0,0.9754107542508791,0.8913340613449512
307,0.8770537712543881,0,0.9590179237514652,0.8478676858829317,0.8163590247455333
308,0.36228465816027383,0,0.7464461431382196,0.7429026346437467,0.8099178193596442
309,0.47517474380404817,0,0.5715043910729113,0.7338849471035018,0.8099178193596442
310,0.9549115622988027,0,0.5974569880877046,0.7338849471035018,0.8099178193596442
311,1.0,0,0.8100287687009503,0.7584741928526227,0.8099178193596442
312,1.0,0,0.9849705207662586,0.8860172612205701,0.8274815663233019
313,1.0,0,1.0,0.9909823124597551,0.9185837580146929
314,1.0,0,1.0,1.0,0.9935587946141108
315,1.0,0,1.0,1.0,1.0
316,1.0,0,1.0,1.0,1.0
317,1.0,0,1.0,1.0,1.0
318,1.0,0,1.0,1.0,1.0
319,1.0,0,1.0,1.0,1.0
320,1.0,0,1.0,1.0,1.0
321,1.0,0,1.0,1.0,1.0
322,1.0,0,1.0,1.0,1.0
323,1.0,0,1.0,1.0,1.0
324,1.0,0,1.0,1.0,1.0
325,1.0,0,1.0,1.0,1.0
326,1.0,0,1.0,1.0,1.0
327,1.0,0,1.0,1.0,1.0
328,1.0,0,1.0,1.0,1.0
329,1.0,0,1.0,1.0,1.0
330,1.0,0,1.0,1.0,1.0
331,1.0,0,1.0,1.0,1.0
332,1.0,0,1.0,1.0,1.0
333,1.0,0,1.0,1.0,1.0
334,1.0,0,1.0,1.0,1.0
335,1.0,0,1.0,1.0,1.0
336,1.0,0,1.0,1.0,1.0
337,1.0,0,1.0,1.0,1.0
338,1.0,0,1.0,1.0,1.0
339,1.0,0,1.0,1.0,1.0
340,1.0,0,1.0,1.0,1.0
341,1.0,0,1.0,1.0,1.0
342,1.0,0,1.0,1.0,0.9147942247877836
343,1.0,0,1.0,0.880711914702897,0.8044651887279721
344,0.40355957351448424,0,0.8011865245048284,0.726251264219161,0.6941052535282211
345,0.22769674758129882,0,0.5437521070319349,0.5717473549395095,0.6258768722510452
346,0.22748045360172126,0,0.2862455915658491,0.47622762115146317,0.6057081617231087
347,0.5224013310597895,1,0.32585951074761016,0.44799142641235223,0.603396178195039
348,0.8588190263044717,0,0.5362336036553188,0.5640427347701575,0.603396178195039
349,0.9838161153034916,0,0.7883454908892418,0.7185033852538936,0.6886019534072554
350,1.0,0,0.9475450472026523,0.8730072945335451,0.7989309894670669
351,1.0,0,0.9946053717678373,0.9685270283215914,0.9092909246668179
352,1.0,0,1.0,0.9967632230607023,0.9775193059439938
353,1.0,0,1.0,1.0,0.9976880164719303
354,1.0,0,1.0,1.0,1.0
355,1.0,0,1.0,1.0,1.0
356,1.0,0,1.0,1.0,0.9995000905347199
357,1.0,0,1.0,0.9993001267486079,0.9404545022751856
358,0.9965006337430589,0,0.9988335445810131,0.9166363031852598,0.8339961039748444
359,0.5866808821832843,0,0.8610605053087662,0.767594545564782,0.7193034748972634
360,0.2547912118976176,0,0.6126575759413034,0.6070248648561687,0.6264069783282561
361,0.1971515964569462,0,0.3462078968459347,0.47696976965955856,0.5800343698810154
362,0.34972452401694165,1,0.26722244412383134,0.41274799108481375,0.5624528649531807
363,0.6753917408692883,0,0.4074226204477327,0.4707977077491933,0.5593199379651098
364,0.8769294655051513,0,0.6340152434638071,0.6147534943349797,0.6183655262246442
365,0.9745701448265378,0,0.8422971170670053,0.7753231750435929,0.7248239245249855
366,1.0,0,0.9504998701105668,0.9053782702402031,0.8395165536025664
367,1.0,0,0.9915233816088479,0.9702999220663401,0.9324130501715737
368,1.0,0,1.0,0.9949140289653087,0.9787856586188143
369,1.0,0,1.0,1.0,0.9555828531473561
370,1.0,0,1.0,0.9429019654409899,0.8555246781041806
371,0.714509827204967,0,0.9048366090683165,0.7977345493458529,0.7375388109836974
372,0.2741629195243016,0,0.6628909155764214,0.6325543353771763,0.6332710554421267
373,0.17409893015660566,0,0.3875905589619606,0.4865794776189773,0.6030337489091429
374,0.27012571120899215,0,0.2394625202966457,0.44424724847280006,0.6030337489091429
375,0.788338854269097,1,0.4108544985449119,0.5013452830318101,0.5667106502382191
376,1.0,0,0.6861548551593728,0.5956603609876538,0.5196858936236188
377,0.7457383093035617,0,0.844692387857549,0.6379078811368799,0.5723048135227324
378,0.38533653090272985,0,0.7103582800687605,0.712381810658701,0.6902906806432156
379,0.6424953588180886,0,0.5911900663414636,0.7547140398048782,0.7945584361847864
380,1.0,0,0.6759439632402859,0.7547140398048782,0.8247957427177701
381,1.0,0,0.8808317862727032,0.8055663779441715,0.8247957427177701
382,1.0,0,1.0,0.9284990717636219,0.861118841388694
383,1.0,0,1.0,1.0,0.9489279084025871
384,1.0,0,1.0,1.0,0.9968105606604841
385,1.0,0,1.0,0.9955347849246777,0.9584104519604709
386,0.9776739246234082,0,0.992557974874463,0.9417746327446593,0.9230911452125871
387,0.7311992390999232,0,0.902957721241099,0.8923276032976218,0.9138945351616111
388,0.752764852764822,0,0.8205460054960364,0.8794523492262556,0.9126639431705144
389,0.9356237296431409,0,0.8065292738359631,0.8777295204387201,0.9108387218045502
390,0.9913858560623489,0,0.8932581461567679,0.8796394256016924,0.9095402984102877
391,0.9872234504382781,0,0.9714110120479139,0.9315817850297435,0.9091123536228126
392,0.9909110362401712,0,0.9898401142469121,0.9759644766989937,0.9426501955854535
393,0.9746783111110879,0,0.9842709325964923,0.9820325573380387,0.9747276723159481
394,0.9659641328384116,0,0.9771844933965402,0.9792168241012291,0.9690123610396394
395,0.9773071898782733,0,0.9726498779425773,0.9608954441553805,0.9357857564663163
396,0.895616550708989,0,0.9462959578085588,0.9144731617171601,0.8935331091356602
397,0.7587996240490855,0,0.8772411215454478,0.857828483319679,0.8604260161304751
398,0.6914549191236752,0,0.7819570312939087,0.8164679337927737,0.8408319628755733
399,0.7591613852038717,0,0.7364719761255287,0.7885104834824688,0.8290334407683417
400,0.8375199383267302,0,0.7627120808847584,0.786062068958222,0.8195938826992476
401,0.8833744780877786,0,0.8266852672061304,0.8165482008273329,0.8216012540635396
402,0.9112302833946049,0,0.8773748999363798,0.8601908470544117,0.8445360074529
403,0.9096681502590479,0,0.9014243039138137,0.892227149568555,0.8737936751826558
404,0.9193428977746065,0,0.9134137771427504,0.9039748805495946,0.8929091988539507
405,0.8962585932319521,0,0.9084232137551945,0.9058939951126262,0.896169908818836
406,0.892970050902923,0,0.902857180636488,0.8957169200498925,0.8922023781565827
407,0.8603449080809199,0,0.8831911840719423,0.8849036426884822,0.884704223205493
408,0.8556017634520285,0,0.8696389074786263,0.8727837028809631,0.8753396755600339
409,0.8587431987369905,0,0.8582299567566452,0.862355247582741,0.8639791449780562
410,0.8441163167408405,0,0.852820426309942,0.8517250741423027,0.8558867873936477
411,0.8398191837007676,0,0.8475595663928553,0.847578510554331,0.8468433296786445
412,0.839612090141105,0,0.8411825301942221,0.842391327243513,0.8441991935937138
413,0.8296658468979079,0,0.8363657069132463,0.8390098785934015,0.8407660432241479
414,0.8418359554864103,0,0.8370379641751432,0.8365005574182419,0.8356454592184345
415,0.8315697108650462,0,0.834357171083127,0.8331165428174927,0.8332655987860319
416,0.8228991106969763,0,0.8321015923494883,0.8306855835320789,0.8311913626961882
417,0.8274572937140168,0,0.8273087050920177,0.8298123203668638,0.8282122929322456
418,0.825299531071848,0,0.8252186451609494,0.8251968496282757,0.8267970739477813
419,0.8187586017934702,0,0.8238384755264482,0.8228347702565998,0.8240671522848645
420,0.8197593140066541,0,0.8212724822906617,0.8228002488864036,0.8221613533537331
421,0.8227265038460416,0,0.8204148065487212,0.8209546138130236,0.8204073480316489
422,0.8182291183471222,0,0.8202383120665976,0.8180189222871377,0.8186731484094837
423,0.8106210734424221,0,0.8171922318785126,0.8173307812002122,0.8102090065056748
424,0.8153178963588789,0,0.8147226960494626,0.8065890259479147,0.7913516861816154
425,0.7660505377451818,0,0.7973298358488137,0.779395197083727,0.7696134537691007
426,0.6867573595251024,0,0.7560419312097034,0.7492677108381145,0.7611134177740512
427,0.6675916871190466,0,0.7067998614631014,0.7397887465257668,0.7571514080207749
428,0.7632262518806758,0,0.7058584328415994,0.7348241772688311,0.7593393329435523
429,0.7904950500741971,0,0.7404376630246361,0.746801379300166,0.7619186920230651
430,0.8259365479018684,0,0.7932192832855662,0.7761245893782416,0.7717636854292452
431,0.8333734099154786,0,0.8166016692971615,0.8095993502721172,0.7927601362194991
432,0.8349654915884152,0,0.8314251498019113,0.8237006029073541,0.8161308040713493
433,0.8337325150568577,0,0.8340238055202462,0.8318388653089187,0.8260312128216388
434,0.8311863620820352,0,0.8332947895757646,0.833157378355088,0.8332329243593952
435,0.8325291131326902,0,0.832482663423851,0.8346641025396935,0.834687705149398
436,0.840907030838467,0,0.8348741686843937,0.8348950069083798,0.8352925120357132
437,0.8361200134318512,0,0.8365187191343466,0.8356699155209413,0.8363644681744192
438,0.8376070581196824,0,0.838211367463335,0.8379264800164151,0.8368926507277479
439,0.8424691845593627,0,0.8387320853703008,0.8389066159759068,0.8380066416853781
440,0.8374297929301349,0,0.8391686785363959,0.8385220695652947,0.839223131061455
441,0.8389842987854295,0,0.8396277587583162,0.8395069746319678,0.8390193145259478
442,0.8410445387652128,0,0.8391528768269344,0.8398816260260219,0.8395051192142903
443,0.839480315089917,0,0.8398363842135268,0.8392919183641994,0.8381434592964833
444,0.839520646250275,0,0.8400151667018084,0.8374210475171708,0.8256889228310668
445,0.8280754386950047,0,0.8356921333450676,0.8206816736203791,0.8089749934274307
446,0.7552874293014565,0,0.8076278380822449,0.7965592232882728,0.795357648825302
447,0.7204322871046849,0,0.7679317183670568,0.7773957375843906,0.786850066156392
448,0.7436628865705337,0,0.7397942009922266,0.7657899003509101,0.7859441946708492
449,0.7814914600828787,0,0.7485288779193601,0.7668026555501342,0.7852547448957645
450,0.8331392146911285,0,0.7860978537815034,0.7826840692547762,0.7876321904848201
451,0.8346944978246713,0,0.8164417241995542,0.807541123397516,0.7992827282974255
452,0.8447175578184108,0,0.8375170901113999,0.8261767848813519,0.8082957636201026
453,0.8368411939896949,0,0.8387510832109228,0.8265831997374675,0.7996043642508214
454,0.7835235343634344,0,0.8216940953905123,0.7965199749963517,0.7825264973528354
455,0.6828230909855304,0,0.7677292731128963,0.7619703537908095,0.7656205264869576
456,0.6619463917969851,0,0.7094310057153166,0.7359863259531266,0.7566204120341402
457,0.7147974186299659,0,0.6865223004708317,0.7229568264861769,0.7550948066868273
458,0.7716936966549457,0,0.7161458356939647,0.7330597836909305,0.7571049971309581
459,0.8340383203872226,0,0.7735098118907141,0.7666776709135433,0.77017579465021
460,0.8509125270985929,0,0.8188815147135907,0.8092922159537921,0.7976956680888391
461,0.8750191169982097,0,0.8533233214946753,0.8414251732389857,0.8282028506364766
462,0.87546220505593,0,0.8671312830509237,0.8621857678340803,0.8532376745504199
463,0.8754966696304147,0,0.8753259972281929,0.8733863409621563,0.8684371027349341
464,0.8900411860275945,0,0.8803333535713213,0.8788217743317432,0.8762958628136387
465,0.8780896939465519,0,0.8812091832015199,0.8816278791197305,0.886199774050559
466,0.889049640938131,0,0.8857268403040924,0.8905834192599513,0.8896141272334636
467,0.9202399057570403,0,0.8957930802139155,0.8952680031895739,0.8923265205474503
468,0.8989195892785438,0,0.9027363786579107,0.8961495576348284,0.8943389185618084
469,0.8944489582538495,0,0.9045361510964843,0.8984483099917042,0.8895595492038443
470,0.8895834557309075,0,0.8943173344211081,0.8919555019084442,0.8663902599321643
471,0.8565856005218486,0,0.8802060048355429,0.8510884545659906,0.8253179383983463
472,0.7159046690448128,0,0.8206912417658524,0.7916132147505663,0.7790704153216146
473,0.6015433902013931,0,0.7246778865893475,0.7320248719437814,0.7417143286406339
474,0.596507244219957,0,0.6379851011553797,0.6815935772999296,0.7095531951797268
475,0.6374269825116737,0,0.6118258723110065,0.6441406620010639,0.6820225932553073
476,0.6693210240275012,0,0.6344184169197055,0.6403335766441046,0.660148391708682
477,0.6968692422600132,0,0.6678724162663912,0.6607181365429142,0.6604651594321354
478,0.7034661896954595,0,0.6898854853276551,0.6850410963207196,0.6862445968030296
479,0.7181220431089594,0,0.7061524916881391,0.7139555901779204,0.7217733814365407
480,0.7819994517976931,0,0.7345292282006994,0.7491331327033208,0.7545829780955923
481,0.8452087366545007,0,0.7817767438537165,0.7831781160763285,0.7836038139682273
482,0.8670941591250481,0,0.8314341158590727,0.8169782531644273,0.798315451821655
483,0.8724668751359748,0,0.8615899236385,0.833323985989432,0.8114581664773693
484,0.7998507072339931,0,0.8464705804983245,0.8360171340869897,0.8344229352941527
485,0.7954651922854621,0,0.8225942582184681,0.8427504717213765,0.8474593824692859
486,0.8788754248264318,0,0.8247304414486317,0.8439825563010913,0.8492365193079081
487,0.8732545820236046,0,0.8491983997118382,0.8410189201788739,0.8476747759449788
488,0.8576486945248565,0,0.8699262337916404,0.8522811698489818,0.8474056383771378
489,0.856161955584547,0,0.8623550773776666,0.8673047138241031,0.8602365616796176
490,0.870582912161062,0,0.8614645207568211,0.8694630629290827,0.8719893809212148
491,0.8896671703513668,0,0.8721373460323131,0.8703591319196903,0.8756162657037814
492,0.8777349269766711,0,0.8793283364963523,0.879682116675599,0.8913348901289494
493,0.904263618304424,0,0.8905552385441334,0.9051067161586502,0.9116707909111109
494,0.983284952999778,0,0.9217611660936124,0.9309901337264364,0.9322190829704644
495,1.0,0,0.9625161904347314,0.9530566996561675,0.950707238376026
496,1.0,0,0.9944283176665939,0.9775097142608388,0.9648945018324427
497,1.0,0,1.0,0.9944525935092088,0.9806386129160468
498,0.9889780145462563,0,0.9963260048487541,0.9953843438216268,0.9917501384756926
499,0.9879437045618688,0,0.9923072397027113,0.9917932032660133,0.9924553967606633
500,0.9820442972219553,0,0.9863220054433555,0.9894375554649286,0.9924553967606633
501,0.9882217609945808,0,0.986069920926127,0.9894375554649286,0.9924553967606633
502,1.0,0,0.9900886860721698,0.9916419525556762,0.9924553967606633
503,1.0,0,0.9960739203315256,0.9940532116433018,0.9940299661111973
504,1.0,0,1.0,0.9976443521989153,0.9957522940309299
505,1.0,0,1.0,1.0,0.9983173944277967
506,1.0,0,1.0,1.0,0.9957250947111577
507,1.0,0,1.0,0.9940151325956208,0.9404832515339032
508,0.9700756629781226,0,0.9900252209927013,0.9166765521474645,0.8503211266320818
509,0.6133070977592027,0,0.8611275869124407,0.7904495772849145,0.7469529421017812
510,0.3688651256872564,0,0.6507492954748576,0.6457341189424938,0.6353733552123556
511,0.2764227082878835,0,0.4195316439114549,0.4895226972972978,0.5254309774985099
512,0.21894289177402415,0,0.2880769085830555,0.34158823590229304,0.4243053549844587
513,0.23040335600305845,0,0.24192298535499882,0.2773509448307777,0.33765051301609056
514,0.29212064240161756,0,0.24715563005958074,0.27627627353323303,0.2967953260541338
515,0.36349176919951615,1,0.29533858920141637,0.28645588968075797,0.281122067413524
516,0.3273207890255356,0,0.3276444002088965,0.2944977743665504,0.2805803133848274
517,0.2591523152029732,0,0.31665495780934333,0.3029431891833383,0.29181844128067624
518,0.27263043008702437,0,0.2863678447718409,0.30404101811200235,0.2944149306004696
519,0.2976097870449874,0,0.276464177444988,0.2810584205204236,0.2753813721217365
520,0.24857878124162575,0,0.2729396661245384,0.24737140932542162,0.24808391580160105
521,0.15888573305053133,0,0.23502476711236872,0.23002286127654087,0.22405847491279474
522,0.17240957495858833,0,0.1932913630835742,0.20732531581991226,0.20793415200343393
523,0.15914270280388176,0,0.16347933693765526,0.17705976937841114,0.2026340492136082
524,0.14628205483744833,0,0.15927811086663723,0.17444995524173237,0.2061647369263174
525,0.23552971055826333,0,0.1803181560665242,0.20713772883841558,0.22910497697554483
526,0.3223246010339362,1,0.23471212214320758,0.2544879061639449,0.253242751339615
527,0.40916046158625163,0,0.32233825772613045,0.28822939632296996,0.2787201751542869
528,0.3278501535989914,0,0.35311173873971785,0.32912329368773496,0.31082964661500717
529,0.35075154166125444,0,0.3625873856155029,0.3587991521818708,0.3401613063946911
530,0.3839090030289233,0,0.35417023276306736,0.3646549666341343,0.36147313035850664
531,0.3516036732952559,0,0.3620880726618149,0.3597653699778789,0.3611008862174328
532,0.3847124783049624,0,0.3734083848763703,0.35813911766736056,0.36069630660036217
533,0.31971889204641457,0,0.3520116812155341,0.3692544901884503,0.3791369225415581
534,0.4063284042667247,0,0.37025325820602956,0.3838595826201413,0.3802291300380846
535,0.45693446518739556,0,0.3943272538335047,0.3852182467884859,0.38790787213759714
536,0.35839699413695475,0,0.40721995453035714,0.3958077906725975,0.3923177207483621
537,0.4376601977255255,0,0.4176638856832824,0.4083585349774353,0.38430180559508437
538,0.38247261357057516,0,0.3928432684776908,0.39281306857049003,0.3763914277454156
539,0.3286010722320101,0,0.3829112945093698,0.3542954249527611,0.3623347013335011
540,0.2643462470987181,0,0.3251399776337773,0.34420229000203334,0.3313473729391084
541,0.30793131938332474,0,0.3002928795713539,0.30467488374225693,0.31659433979283286
542,0.24002316642660232,0,0.27076691096956057,0.279205513450745,0.2925022991330398
543,0.2551257621130548,0,0.26769341597433066,0.26728848162573515,0.27382735814711623
544,0.26901591310693795,0,0.2547216138822061,0.2647688375398161,0.2647812158131728
545,0.2517480266691141,0,0.2586299006297092,0.2562381888420305,0.27346616849872263
546,0.2652780758943807,0,0.2620140052234963,0.2732617387362211,0.2793539124563641
547,0.32514091589760163,1,0.28072233948703723,0.2920656917309771,0.29539031147902506
548,0.34914552708680713,0,0.3131881729595989,0.3087181010266363,0.30764894890767536
549,0.35227795958524144,0,0.3421881341898825,0.32655574051552777,0.31490151288396157
550,0.34093622411359326,0,0.3474532369285536,0.3374568975248394,0.32555911536010335
551,0.3197838609409702,0,0.3376660148799336,0.3376989631457491,0.3279818447806114
552,0.3263512440021482,0,0.3290237763522252,0.32431729409597665,0.3203133071509277
553,0.2822371818379708,0,0.3094574289270137,0.3081539326768848,0.31826555714613797
554,0.2714611524898077,0,0.29334985944329145,0.3069289432648247,0.3167216921229234
555,0.33481127705329317,1,0.2961698704603464,0.31126635196118285,0.29874803468616
556,0.3414709044227381,0,0.3159144446552773,0.2890202275720071,0.2786830779212437
557,0.21512062205622107,0,0.29713426784409575,0.2684386239217247,0.2806853682931449
558,0.1793291635865687,0,0.2453068966885136,0.2822198487448532,0.3179702808729011
559,0.3403672766054311,1,0.24493902074940857,0.323903907313445,0.3625381447600213
560,0.543231569896232,0,0.3543093366960761,0.3722969663688218,0.412376466317182
561,0.5834361996996181,0,0.4890116820671058,0.46600874754825555,0.4703124261530109
562,0.6836795279534154,0,0.6034490991830997,0.5795474394856569,0.5524865596006521
563,0.747022623273543,0,0.6713794503088669,0.6695418954025172,0.6473809346095517
564,0.7903395561897381,0,0.7403472358055675,0.7296135391530356,0.692342332380211
565,0.8435897886488438,0,0.7936506560373763,0.7439457114131187,0.6816360291954636
566,0.6550970610000498,0,0.7630088019462088,0.7008672953430392,0.6705104572936145
567,0.46828744760301183,0,0.6556580990839697,0.6525742099656668,0.6640235274988656
568,0.5055571963867163,0,0.5429805683299188,0.6221605026057546,0.6515924858234305
569,0.6382710193901565,0,0.5373718877932939,0.5854436111850874,0.6276777141509261
570,0.6600053315454937,0,0.6012778491074565,0.5790114298815183,0.5838681314610474
571,0.6229361544822262,0,0.640404168472628,0.592738482324853,0.5640696575783782
572,0.5369227098196847,0,0.6066213986158004,0.594928591811788,0.5661516503417781
573,0.5165077438213745,0,0.55878886937442,0.5638466673231164,0.5611045598712313
574,0.4828613969468119,0,0.5120972835292908,0.5258911136325878,0.530201669761027
575,0.4702275630928694,0,0.48986556795368114,0.48569404045989584,0.49628133639242833
576,0.4219507886187164,0,0.4583465828861411,0.46282209808902053,0.47070302968385896
577,0.4225629979653242,0,0.4382471165589739,0.4482981508291914,0.46046213025013977
578,0.44388800752221086,0,0.4294672647020927,0.4447731541965595,0.4535470202863995
579,0.465236413783629,0,0.4438958064237302,0.44434803639302345,0.4558100223731409
580,0.46810197407516696,0,0.4590754651270193,0.4596983609800759,0.4607052084594118
581,0.4987024115540014,0,0.4773469331376153,0.4760845345263647,0.469411820848945
582,0.5044938656967687,0,0.49043275044198253,0.4838863480910163,0.4807664963701492
583,0.4828970753454652,0,0.4953644508654141,0.4912482106570337,0.49019707330573475
584,0.5020457266137512,0,0.49647888921865996,0.49960822505626085,0.5011020651229582
585,0.509902046071333,0,0.49828161601017956,0.5081820140463037,0.5144196967995397
586,0.5415713565042258,0,0.517839709729761,0.5195483200692024,0.5203154623036669
587,0.5613253958112683,0,0.5375995994622637,0.5309634590166865,0.5263518546461147
588,0.5399727700828887,0,0.5476231741327903,0.5399040361127163,0.5365968910605586
589,0.5467486120939014,0,0.5493489259960143,0.5488460929477696,0.5438051534122873
590,0.5546123302466038,0,0.5471112374744583,0.5510325342620945,0.5500256273345242
591,0.5525035630758368,0,0.5512881684721075,0.5494565278052391,0.5521275224009352
592,0.5534453635269593,0,0.5535204189498018,0.5527188981824793,0.5529238780986654
593,0.5562846219691037,0,0.554077849523973,0.5567491529027734,0.5543477448016948
594,0.5668998856953757,0,0.5588766237304791,0.5558146542542772,0.5599284713247243
595,0.5499398370040828,0,0.5577081148895218,0.5624766811901282,0.5583726817660509
596,0.585813697755083,0,0.5675511401515223,0.5605319691519071,0.5551392872075179
597,0.543721803335861,0,0.5598251126983579,0.5552490049913104,0.5447293016102321
598,0.5298698011661322,0,0.5531351007523616,0.5379841207214326,0.5355023861526271
599,0.48057546434597803,0,0.5180556896159866,0.5263353960737845,0.5298318998170869
600,0.4916962137658589,0,0.5007138264259842,0.5146139527920809,0.5339122036105957
601,0.5272064813465719,0,0.49982605315280654,0.5215699848366399,0.5313732127574521
602,0.5785019635587179,0,0.5324682195570366,0.529204176960036,0.5386303222252715
603,0.5680407617831111,0,0.5579164022294473,0.5519933980129622,0.550456688397089
604,0.5945215696106583,0,0.5803547649841221,0.5761850281335569,0.5695472826473227
605,0.6126543643688107,0,0.5917388985875126,0.5935856566837628,0.5891578677739305
606,0.6142096240975574,0,0.607128519359018,0.6036793259024534,0.6024284282282873
607,0.6289703096521414,0,0.6186114327061887,0.6140912544512502,0.6069638212848076
608,0.6201004045270331,0,0.6210934460922696,0.6172368835199904,0.6136186899977117
609,0.6102497149543359,0,0.6197734763778348,0.6176309792009078,0.6027866099705891
610,0.6146248427734217,0,0.6149916540849366,0.5985284562655352,0.5812060078265436
611,0.5186970094207404,0,0.5811905223828262,0.5650524242072151,0.5627772277496531
612,0.4615901493605693,0,0.5316373338515632,0.5380739760136748,0.5516790262449831
613,0.48520816355932644,0,0.4884984407802146,0.5262806128466991,0.5501429708371494
614,0.5512828991194179,0,0.49936040401310794,0.5252252476264629,0.5402234001431745
615,0.6093480166722192,0,0.5486130264503496,0.5296483897616099,0.527409834051176
616,0.5408127200964477,0,0.5671478786293846,0.5423163359153932,0.5548173390726235
617,0.5249298801294172,0,0.5583635389660534,0.5873846121176939,0.6095558855028814
618,0.7105495445709075,0,0.5920973815989328,0.6460800271682728,0.6750013625150716
619,0.8447599743722995,0,0.6934131330242129,0.712875724362766,0.7373862821023067
620,0.9433265026447297,0,0.8328786738626377,0.8023086475894843,0.7931937082919863
621,0.9879773362300877,0,0.9253546044157019,0.8973226715635974,0.8587918911353459
622,1.0,0,0.9771012796249275,0.9552127626494211,0.9266590511168553
623,1.0,0,0.9959924454100246,0.9862607677749565,0.968009116178158
624,1.0,0,1.0,0.9975954672460148,0.9901862626963975
625,1.0,0,1.0,1.0,0.9982824766042963
626,1.0,0,1.0,1.0,1.0
627,1.0,0,1.0,1.0,1.0
628,1.0,0,1.0,1.0,1.0
629,1.0,0,1.0,1.0,1.0
630,1.0,0,1.0,1.0,1.0
631,1.0,0,1.0,1.0,1.0
632,1.0,0,1.0,1.0,1.0
633,1.0,0,1.0,1.0,1.0
634,1.0,0,1.0,1.0,1.0
635,1.0,0,1.0,1.0,1.0
636,1.0,0,1.0,1.0,1.0
637,1.0,0,1.0,1.0,1.0
638,1.0,0,1.0,1.0,1.0
639,1.0,0,1.0,1.0,1.0
640,1.0,0,1.0,1.0,1.0
641,1.0,0,1.0,1.0,1.0
642,1.0,0,1.0,1.0,1.0
643,1.0,0,1.0,1.0,0.9405185408129942
644,1.0,0,1.0,0.9167259571381919,0.8706652328729986
645,0.5836297856909571,0,0.8612099285636532,0.818931326022198,0.8270665827093028
646,0.5110268444199907,0,0.6982188767036632,0.7578932157930239,0.8114699799597896
647,0.6948094488541036,0,0.5964886929883733,0.7360579719437055,0.809279300106011
648,0.8908237807533714,0,0.6988866913425227,0.7329910201484153,0.809279300106011
649,0.9846652410235871,0,0.8567661568770291,0.8162650630102235,0.809279300106011
650,1.0,0,0.958496340592319,0.9140596941262175,0.865639719078071
651,1.0,0,0.9948884136745164,0.9707283480544675,0.9273257581219079
652,0.9781527184954135,0,0.9927175728317934,0.9811294154491634,0.9630839221090355
653,0.9428291177268758,0,0.9736606120740893,0.9732196865972582,0.9738214025570967
654,0.9451165967640264,0,0.9553661443287638,0.9664169153752254,0.9691914866514415
655,0.9659861438898676,0,0.9513106194602491,0.9568680813120182,0.9608461518038861
656,0.9522558296840191,0,0.9544528567792744,0.9495540688263645,0.954875624294654
657,0.9415826560670828,0,0.9532748765469705,0.9526295067680621,0.95115580390406
658,0.9582063074353208,0,0.950681597728817,0.9540289825675018,0.9506144001490416
659,0.9521139757611878,0,0.9506343130879031,0.9486396120778864,0.9520418406271217
660,0.9390392914418053,0,0.949786524879452,0.9492101821632104,0.9496720653404347
661,0.9551086801105897,0,0.9487539824378549,0.9507731943263934,0.9486102472171426
662,0.9493977168829928,0,0.94784856281179,0.9480965534035022,0.9483914984967085
663,0.9448231028209629,0,0.9497764999381767,0.9456840412560723,0.9471519421410903
664,0.9400514150240665,0,0.9447574115760062,0.9477820655569303,0.9485039956096963
665,0.9495294129460992,0,0.9448013102636802,0.9490759995431063,0.9516050314799551
666,0.9615783500415125,0,0.9503863926705284,0.951345764673215,0.949166524685227
667,0.9607465425335486,0,0.9572847685070277,0.9499889706185286,0.9490211892379453
668,0.9380391325475295,0,0.9534546750408405,0.9516547613641251,0.9329864902237139
669,0.9483803687520458,0,0.949055347944371,0.9282649207191753,0.8619788606506356
670,0.8325802097212864,0,0.9063332370069475,0.8245488523133873,0.7697100384664769
671,0.4429980080125606,0,0.7413195288286261,0.6931290753380608,0.669081145847729
672,0.30364765765694757,0,0.5264086251302539,0.5569564691706091,0.5910941496687201
673,0.2571761017102264,0,0.33460725579323025,0.45024790927629965,0.5690328183177696
674,0.41483756928050086,0,0.3252204428825583,0.44045382995020643,0.5762232542859432
675,0.7836098130908511,0,0.48520782802719015,0.5515969124535559,0.6001403671829004
676,0.9987134205292312,0,0.732386934300204,0.6908673809221682,0.6797120803239685
677,1.0,0,0.9274410778733682,0.8394321605801224,0.7791909863729772
678,1.0,0,0.9995711401764235,0.9564646467240209,0.8853086861286589
679,1.0,0,1.0,0.9997426841058541,0.9689033190885864
680,1.0,0,1.0,1.0,0.999816202932753
681,1.0,0,1.0,1.0,1.0
682,1.0,0,1.0,1.0,1.0
683,1.0,0,1.0,1.0,0.9971782152411736
684,1.0,0,1.0,0.996049501337643,0.9532338564255595
685,0.9802475066881691,0,0.9934158355627384,0.9345273989957832,0.9007298129008957
686,0.6923894882907567,0,0.8908789983263053,0.8610217380612539,0.8670998604534687
687,0.6324716953273921,0,0.7683695634354232,0.813939804634856,0.8587515183237916
688,0.7645903328680022,0,0.6964838388286884,0.8022521256533082,0.852988370869103
689,0.9415616050922657,0,0.779541211095875,0.798134217879101,0.8440949037988698
690,0.9596579678172052,0,0.8886033019258169,0.8472054663226345,0.8368863361441429
691,0.9377457305083818,0,0.946321767805936,0.9066686338781892,0.8714863417584411
692,0.9297875331051425,0,0.9423970771435582,0.9406684728227447,0.9130248821738698
693,0.9345895275907758,0,0.9340409304014278,0.9370044474513634,0.9346110755609678
694,0.9232414782353625,0,0.9292061796437565,0.928211591203467,0.930207311796916
695,0.9156936865776655,0,0.9245082308012798,0.9228094968505729,0.9258042142184227
696,0.9107352587439413,0,0.9165568078523165,0.9226192471830927,0.9248327909868002
697,0.9288362847677523,0,0.9184217433631071,0.9218904952423372,0.9226829192418953
698,0.9309457678869557,0,0.9235057704662116,0.920189885773425,0.9176173585434851
699,0.914738430890755,0,0.9248401611818432,0.9168772689982688,0.9150564495083537
700,0.899130602701885,0,0.9149382671599066,0.9157932402473762,0.9097222180602265
701,0.9053151149894699,0,0.9063947161940481,0.9056967965819922,0.9022003315443986
702,0.8783540664407763,0,0.8942665947107192,0.8911240536312107,0.8953138848370698
703,0.858082053133099,0,0.880583744854448,0.8843025990163369,0.8890145667857203
704,0.8806311578163881,0,0.8723557591301111,0.8818465867814667,0.8777485077834919
705,0.8868505415275272,0,0.8751879174923639,0.8679587673586184,0.8589912578305692
706,0.8358760178752112,0,0.8677859057397276,0.8458539246767487,0.8334001697973333
707,0.7678298530314664,0,0.8301854708114055,0.8194730138014847,0.8202324220877699
708,0.7261774987567835,0,0.7766277898878116,0.8005827487329725,0.8206955032400012
709,0.7861798324738798,0,0.7600623947540347,0.7954773646672038,0.8210776166480562
710,0.861323621198683,0,0.7912269841431225,0.804963351426727,0.821386265850005
711,0.8833059516727622,0,0.8436031351151314,0.8291995980086767,0.8295364408158677
712,0.889011085941179,0,0.8778802196042458,0.8625495467845667,0.8454858861939556
713,0.8929272426361934,0,0.8884147600834164,0.8812087744254086,0.8684930360929164
714,0.8794759706780433,0,0.8871380997518372,0.8863895597955661,0.8837178490594592
715,0.8872275480494954,0,0.8865435871212716,0.8882790741089366,0.8869982377155858
716,0.8927535232396739,0,0.8864856806557478,0.8873341252790169,0.8887504058459886
717,0.8842863417916391,0,0.888089137693593,0.8878629024688962,0.8909125875267948
718,0.895571128585684,0,0.8908703312056332,0.8927969798746517,0.8913879334822273
719,0.9041463577068463,0,0.8946679426946957,0.8946024031296019,0.8925525039028182
720,0.8962546643242518,0,0.8986573835389132,0.8935772912061111,0.8933961821181323
721,0.8876279636222462,0,0.8960096618844394,0.8953466819591313,0.8941012757687433
722,0.8931332955567466,0,0.8923386411677257,0.8957702920007933,0.8907282743425314
723,0.8976891787938883,0,0.8928168126576187,0.8870760868210482,0.8709202740136236
724,0.8606753318080876,0,0.8838326020529242,0.8592081792128511,0.84513379020843
725,0.7569151262833042,0,0.8384265456284462,0.8264107807025084,0.8243378057321057
726,0.7236409710705323,0,0.780410476387298,0.7979206761891646,0.8155706836926291
727,0.7506827729899505,0,0.7437462901145864,0.7836344622995511,0.8088916790953817
728,0.8262581093458633,0,0.7668606178021188,0.7807754486131216,0.8031087877090742
729,0.8463802633760205,0,0.8077737152372796,0.8008342111744241,0.804034759719132
730,0.8572089390897615,0,0.8432824372705454,0.8295374441360309,0.8130028397320075
731,0.8671571358785739,0,0.8569154461147642,0.8433392268127136,0.8097479452055397
732,0.8196916863733775,0,0.848019253780573,0.8182589468205833,0.8020543881790607
733,0.7008567093852296,0,0.7959018438790508,0.7883484689063153,0.7878883352359642
734,0.696827873804616,0,0.7391254231877534,0.7623258288371971,0.769518373038831
735,0.7270957387441735,0,0.7082601073113514,0.7324525072607002,0.7511722094416525
736,0.717790527995989,0,0.7139047135149591,0.7142713287679271,0.7317694196652837
737,0.7287857939094924,0,0.7245573535499261,0.7203675083796724,0.7188751812647557
738,0.7313376074439579,0,0.7259713097831764,0.7268883371326865,0.7224279370976449
739,0.7294320175697169,0,0.7298518063077305,0.7266143894269362,0.7286508143932906
740,0.7257260002154834,0,0.7288318750763665,0.7311338868025586,0.7302271293787206
741,0.7403880148741999,0,0.7318486775531028,0.7330027167490926,0.7307335358621978
742,0.7381299436421563,0,0.7347479862439362,0.7310022699363798,0.7290373710615411
743,0.7213353733803741,0,0.7332844439655825,0.7284983944834267,0.7300771330805317
744,0.7169126403048887,0,0.7254593191091772,0.7310763827557138,0.7354266845908829
745,0.7386159415769248,0,0.7256213184207354,0.7363745554093157,0.7420365501175671
746,0.7668788781421927,0,0.7408024866746624,0.7431475784613213,0.7473056988611363
747,0.7719950589022503,0,0.7591632928737605,0.7543349150010726,0.7535274418500129
748,0.7772720560791808,0,0.7720486643745138,0.7672888158529532,0.7631010086032413
749,0.7816821445643763,0,0.7769830865152395,0.7772356956681733,0.7731716666857145
750,0.7883503406529662,0,0.7824348470988222,0.7813413694161909,0.7804409018747265
751,0.7874072468821969,0,0.7858132440331929,0.784842475215737,0.779500531685114
752,0.7895005878999476,0,0.7884193918117338,0.7814473213628844,0.7638015614548165
753,0.7602962868148999,0,0.7790680405323656,0.7575313459080462,0.743443916636904
754,0.662102267290098,0,0.737299714001665,0.7268149862482005,0.717357031827906
755,0.6347685423537608,0,0.6857223654862613,0.6891483270520211,0.6914494138820503
756,0.5990739509013597,0,0.6319815868484208,0.6526476124784267,0.674220842776208
757,0.6069970150319755,0,0.6136131694290347,0.6339498049437224,0.6733459233679794
758,0.6668072491413075,0,0.6242927383582355,0.6582045818941651,0.6889525401473163
759,0.7833761520424185,0,0.6857268054052383,0.7051593942774617,0.7372236448201518
760,0.8695426042702672,0,0.7732420018179861,0.7853446040971903,0.789399567341044
761,1.0,0,0.8843062521042006,0.8639452010907916,0.8334455479446531
762,1.0,0,0.9565142014234121,0.9120629142878443,0.8662710715003316
763,0.90739581512664,0,0.9691319383755399,0.9227428198637199,0.9048675086128404
764,0.836775679921762,0,0.9147238316827876,0.9362307607954563,0.9337169802267097
765,0.9369823089288747,0,0.8937179346590938,0.9332952514633461,0.9523537510452472
766,0.9853224533394332,0,0.9196934807300371,0.9332952514633461,0.9523537510452472
767,1.0,0,0.9741015874227893,0.9518160884380222,0.9523537510452472
768,1.0,0,0.9951074844464832,0.9844609524536736,0.9655829203128731
769,1.0,0,1.0,0.9970644906678899,0.9889006803240525
770,1.0,0,1.0,1.0,0.9979032076199214
771,1.0,0,1.0,1.0,1.0
772,1.0,0,1.0,1.0,1.0
773,1.0,0,1.0,1.0,1.0
774,1.0,0,1.0,1.0,0.9969057468851068
775,1.0,0,1.0,0.9956680456391496,0.9709600816209039
776,0.9783402281957716,0,0.9927800760652493,0.9593441142692655,0.9615108863942753
777,0.8183803431505414,0,0.9322401904487757,0.9461152409519855,0.9615108863942753
778,0.933855633413611,0,0.9101920682533091,0.9461152409519855,0.9615108863942753
779,1.0,0,0.9174119921880598,0.9461152409519855,0.9615108863942753
780,1.0,0,0.9779518778045334,0.950447195312836,0.9606817982595918
781,1.0,0,1.0,0.985610403294163,0.9204484456703474
782,0.9941963830572023,0,0.9980654610190717,0.9381806286256505,0.8842327273026253
783,0.6967067600710336,0,0.8969677143760842,0.8511546915409554,0.8488724475768582
784,0.5648703145764782,0,0.7519244859015922,0.7884214266076015,0.8181253602924373
785,0.6863336753332465,0,0.6493035833269308,0.7453755044094124,0.7951533625599723
786,0.784770389009093,0,0.6786581263062695,0.7143754309725182,0.7752287333659719
787,0.8391960158727253,0,0.770100026738343,0.74713959808671,0.7576936347570447
788,0.8605275956420342,0,0.8281646668412653,0.8084556737303501,0.758645418414192
789,0.8714506927946954,0,0.8570581014364885,0.8118627877979179,0.7652863397782994
790,0.7033692456710153,0,0.8117825113692637,0.7771800628211623,0.7555986607310388
791,0.6113567641252668,0,0.7287255675303564,0.7330448440470946,0.7464840221566484
792,0.618519922002456,0,0.6444153105995838,0.7051329087163595,0.7407100055336449
793,0.7209679189883031,0,0.6502815350386678,0.6905983500597586,0.7391977959411763
794,0.798777899511765,0,0.7127552468341491,0.7199129266244881,0.7366232938495288
795,0.8499421284947611,0,0.7898959823315863,0.7683274094300714,0.7486688289670026
796,0.8534291781531754,0,0.834049735386543,0.8021610233282672,0.7579666541029967
797,0.7876879914933368,0,0.8303530993804316,0.7932557475460499,0.761882452109668
798,0.6764415400772315,0,0.7725195699079374,0.7626862692535269,0.7557228381217718
799,0.6459305080490954,0,0.7033533465399083,0.7282679677691931,0.746109279820465
800,0.6778506210730992,0,0.6667408897331294,0.7038787304190691,0.7378779803867863
801,0.7314829914026029,0,0.6850880401749085,0.7048057386121854,0.7316330936517131
802,0.7923230324589725,0,0.7338855483115291,0.7314604247982743,0.7350033391833222
803,0.8097149710076413,0,0.7778403316230728,0.764530265231383,0.7428439669933725
804,0.8112797102146945,0,0.8044392378937649,0.775225327966291,0.7442369464665879
805,0.7313259347476214,0,0.7841068719899719,0.760065002558099,0.739418214767511
806,0.6556813643616648,0,0.732762336441283,0.7304242959022076,0.7310174855623472
807,0.6441194991795471,0,0.6770422660962367,0.7030168790939569,0.7214431537559806
808,0.6726778869663801,0,0.6574929168358494,0.6858214790139072,0.7204514965365141
809,0.7253027098144215,0,0.6807000319867788,0.7001109661586724,0.7189100714877635
810,0.8027733704714285,0,0.7335846557507466,0.7290726402610289,0.7267655165900189
811,0.8004897348733754,0,0.7761886050530696,0.7575115505178018,0.7425325745079557
812,0.7863140504633312,0,0.7965257186027278,0.7761861270819509,0.7612658231479534
813,0.7660507697871255,0,0.7842848517079801,0.7861760330509696,0.7751444355786978
814,0.7752522396595418,0,0.7758723533033466,0.7795869937530142,0.7810808412398274
815,0.7698281739816809,0,0.7703770611427672,0.7728605566667965,0.7756389949880064
816,0.7668575494422702,0,0.7706459876944791,0.768533835915855,0.7703482741217483
817,0.764680446708621,0,0.76712205671087,0.7680146197203385,0.7696837117065668
818,0.763454688809639,0,0.7649975616535206,0.7692965944998604,0.7722269495212036
819,0.781662113557084,0,0.769932416358453,0.772101646601459,0.771436771335045
820,0.783853434489655,0,0.7763234122854404,0.7726743351842742,0.7717771841290967
821,0.7697209923564163,0,0.7784121801343721,0.7741804585505406,0.776407920053787
822,0.7722110635400024,0,0.7752618301286702,0.7813440609716509,0.780474802254389
823,0.79927270091513,0,0.7804015856038404,0.7836413626828062,0.7877991985313072
824,0.7931486221128585,0,0.7882107955226729,0.7898157683344834,0.7928700531519846
825,0.8147254627480267,0,0.8023822619253451,0.7993031890435759,0.7989234537966955
826,0.817158095901886,0,0.8083440602542472,0.8101064241360973,0.8018432106856282
827,0.8262272390026419,0,0.8193702658841554,0.808283742068852,0.8018812090528107
828,0.790159290578947,0,0.811181541827788,0.804149428068331,0.8024284958490691
829,0.772477052110287,0,0.7962878605639313,0.8018250772165174,0.8008327383302328
830,0.8031037084889678,0,0.7885800170593787,0.7947891219323537,0.7968089251995707
831,0.7819783194810008,0,0.7858530266934167,0.7868554282985087,0.789386868689186
832,0.7865587708333885,0,0.7905469329344518,0.7818643102485566,0.7801436388354139
833,0.7652037003291019,0,0.7779135968811867,0.7796738258317418,0.7745509013695612
834,0.7615246300261647,0,0.7710957003962449,0.7692551097975411,0.7680704331958006
835,0.7510101283179731,0,0.7592461528910993,0.7582822008801259,0.7621592779663128
836,0.7271137748939419,0,0.7465495110793654,0.7533155710899564,0.7651617060310271
837,0.761725621882531,0,0.7466165083648093,0.7608738942109312,0.771743517659924
838,0.802995315934028,0,0.7639449042368369,0.7750952586528228,0.7803309630096952
839,0.8326314522356715,0,0.7991174633507399,0.7899563965447441,0.7910976199596169
840,0.8253158177775279,0,0.8203141953157456,0.8119118873010848,0.8042596250510802
841,0.8368912286756522,0,0.8316128328962881,0.8281955957162154,0.8097530664619106
842,0.8431441639581972,0,0.8351170701371302,0.8207101054833629,0.8086137657307972
843,0.7655678647697833,0,0.8152010858012014,0.8049339183891788,0.816307911586445
844,0.7537505167647659,0,0.78748751516423,0.811241622218381,0.8092907551812394
845,0.8568543369235964,0,0.792057572819355,0.8005656479630943,0.8097583045298832
846,0.7835113573991899,0,0.7980387370291737,0.7976545478150683,0.8109993093416473
847,0.8285886632180934,0,0.822984785846946,0.8136566273327162,0.8086082239602774
848,0.8455782623580231,0,0.8192260943250934,0.8281878372374877,0.8208398507832888
849,0.8264065662886413,0,0.8335244972882189,0.8270548203589442,0.8307665539530912
850,0.8511892525308993,0,0.8410580270591481,0.8350000366697714,0.8225862594660417
851,0.8232374389533031,0,0.8336110859242657,0.829200759129003,0.8217993583912013
852,0.799592275514221,0,0.8246729889994716,0.8156857166324698,0.8034596118341142
853,0.7780030498752905,0,0.8002775881143028,0.7904464908384398,0.7762621924055273
854,0.7002104373184022,0,0.7592685875693329,0.7512479056038501,0.7502557036987128
855,0.6551963263578445,0,0.7111366045172266,0.7154726468813578,0.728554541805173
856,0.6443611453408982,0,0.6665893030057456,0.695410415633728,0.7236858234553633
857,0.699281119276038,0,0.6662795303249519,0.6976410877595981,0.727474434606961
858,0.7891564105046682,0,0.7109328917072162,0.7228215110109886,0.7357026647552922
859,0.8261125535753743,0,0.771516694452051,0.7589023779221407,0.7545092243911833
860,0.8356006609136963,0,0.816956541664581,0.7964014198078985,0.7798931876543845
861,0.8318563547697047,0,0.8311898564195795,0.8231220097927462,0.8069800322518047
862,0.8328840692002824,0,0.833447028294548,0.8320845391963758,0.8284785602640048
863,0.8339690575227972,0,0.832903160497608,0.8368161915535893,0.8153448990851108
864,0.8497708153615173,0,0.8388746473615356,0.8091402158213441,0.79429321203252
865,0.6972207822524105,0,0.7936535517122442,0.7785190937088601,0.7824681661149303
866,0.6787507442073071,0,0.7419141139403868,0.7625073477669048,0.7816335224054812
867,0.7528253394905307,0,0.7095989553167404,0.7609163060230457,0.7894056535452754
868,0.8260138488035783,0,0.7525299775004441,0.7684199403865251,0.8044991545325502
869,0.8872889871788648,0,0.8220427251576439,0.816900496822791,0.8201944041732402
870,0.9396235644337534,0,0.884308800138721,0.8730778605505976,0.8588127166025288
871,0.9596375628462595,0,0.928850038152973,0.9160225865039819,0.9022288719233172
872,0.9675489692575026,0,0.955603365512502,0.9473525830338303,0.9375395377103847
873,0.98266383145274,0,0.9699501211855098,0.9698947855980578,0.9623947021670217
874,1.0,0,0.983404266903411,0.9819700727113059,0.9784962754271841
875,1.0,0,0.9942212771509276,0.9900425601420466,0.9871214805080756
876,1.0,0,1.0,0.9965327662905565,0.9917889957199252
877,1.0,0,1.0,0.9984620338658488,0.9952073417261837
878,0.9923101693292001,0,0.997436723109748,0.9967575121261006,0.9955426812106063
879,0.9914773913012401,0,0.9945958535435011,0.9937597536948488,0.9955426812106063
880,0.985011207843745,0,0.9895995894914146,0.9937597536948488,0.9955426812106063
881,1.0,0,0.9921628663816667,0.9937597536948488,0.9955426812106063
882,1.0,0,0.9950037359479135,0.9952977198290001,0.9955426812106063
883,1.0,0,1.0,0.9970022415687481,0.9966412284492857
884,1.0,0,1.0,1.0,0.9972153441652024
885,1.0,0,1.0,0.9990992402625352,0.9981315635794122
886,0.9954962013126828,0,0.998498733770892,0.9973841890111771,0.9981315635794122
887,0.9914247437432526,0,0.9956403150186285,0.9973841890111771,0.9979604931453261
888,1.0,0,0.9956403150186285,0.9971446904034564,0.9979604931453261
889,0.9988025069613742,0,0.9967424169015354,0.9971446904034564,0.9979604931453261
890,1.0,0,0.999600835653799,0.9980454501409213,0.9979604931453261
891,1.0,0,0.999600835653799,0.9997605013922793,0.9986038929578009
892,1.0,0,1.0,0.9997605013922793,0.9998289295659138
893,1.0,0,1.0,1.0,0.9886450927425747
894,1.0,0,1.0,0.9843426284473253,0.955229090143949
895,0.9217131422366147,0,0.9739043807455422,0.9373207262015285,0.9340738968395499
896,0.7648904887710692,0,0.8955345436692141,0.9077034555753698,0.9301542324389109
897,0.8519136468691761,0,0.8461724259589497,0.9022159254144754,0.9287855943998531
898,0.9725623491955466,0,0.8631221616119168,0.9002998321597943,0.9287855943998531
899,0.9904195337265445,0,0.938298509930443,0.915957203712469,0.9287855943998531
900,1.0,0,0.9876606276407074,0.9629791059582657,0.9399694312231921
901,1.0,0,0.9968065112421982,0.9925963765844245,0.9735565042559041
902,1.0,0,1.0,0.9980839067453189,0.9947116975603032
903,1.0,0,1.0,1.0,0.998631361960942
904,1.0,0,1.0,1.0,0.9973702111863888
905,1.0,0,1.0,0.9963182956609444,0.9973702111863888
906,0.9815914783047364,0,0.993863826101574,0.9963182956609444,0.9973702111863888
907,1.0,0,0.993863826101574,0.9963182956609444,0.9973702111863888
908,1.0,0,0.993863826101574,0.9963182956609444,0.9973702111863888
909,1.0,0,1.0,0.9963182956609444,0.9973702111863888
910,1.0,0,1.0,1.0,0.9973702111863888
911,1.0,0,1.0,1.0,1.0
912,1.0,0,1.0,1.0,1.0
913,1.0,0,1.0,1.0,1.0
914,1.0,0,1.0,1.0,1.0
915,1.0,0,1.0,1.0,1.0
916,1.0,0,1.0,1.0,1.0
917,1.0,0,1.0,1.0,1.0
918,1.0,0,1.0,1.0,1.0
919,1.0,0,1.0,1.0,1.0
920,1.0,0,1.0,1.0,1.0
921,1.0,0,1.0,1.0,1.0
922,1.0,0,1.0,1.0,1.0
923,1.0,0,1.0,1.0,1.0
924,1.0,0,1.0,1.0,1.0
925,1.0,0,1.0,1.0,1.0
926,1.0,0,1.0,1.0,1.0
927,1.0,0,1.0,1.0,1.0
928,1.0,0,1.0,1.0,1.0
929,1.0,0,1.0,1.0,1.0
930,1.0,0,1.0,1.0,1.0
931,1.0,0,1.0,1.0,1.0
932,1.0,0,1.0,1.0,1.0
933,1.0,0,1.0,1.0,0.986881819986073
934,1.0,0,1.0,0.9816345479805022,0.9379381181717658
935,0.908172739902492,0,0.969390913300837,0.9131133654404721,0.8919520036955646
936,0.6573940872998563,0,0.8551889424007868,0.8487328051737905,0.8657248680265509
937,0.6780971986665938,0,0.7478880086229841,0.8120148152371712,0.849404383615836
938,0.8164100503169555,0,0.7173004454277816,0.7891661370621705,0.8266820867371345
939,0.8857566091250111,0,0.793421286036164,0.775720373451486,0.8070124620912144
940,0.8409439218490722,0,0.8477035270969964,0.816704081487228,0.7705113395314486
941,0.8623126274785435,0,0.8630043861508815,0.8116176181507399,0.7633650735602941
942,0.6526648819841325,0,0.7853071437705997,0.7698096531877127,0.7705764323331193
943,0.6073702255017224,0,0.7074492449881594,0.738373673377987,0.7683337912088096
944,0.7285767100763276,0,0.6628706058540956,0.7303272014975164,0.7534937177753785
945,0.8007115624467839,0,0.7122194993416239,0.7142398950200004,0.7425769971680926
946,0.7818760950910312,0,0.7703881225380277,0.7366122941427875,0.7303209461407018
947,0.7645268775981231,0,0.782371511711934,0.7704423030997987,0.746347455067215
948,0.7765202702868803,0,0.7743077476586299,0.7776970499784739,0.776940837260895
949,0.7648504444697553,0,0.7686325307848847,0.7818595176606322,0.7818245146272602
950,0.8215239008574875,0,0.7876315385380318,0.7780367889706212,0.7760308275017971
951,0.7627624516409426,0,0.7830455989893986,0.7771625639647027,0.7767843638251699
952,0.7601557525684833,0,0.7814807016889821,0.7792886797782558,0.7767529983657369
953,0.7871508493545574,0,0.770023017854669,0.7791800547607182,0.7755916356560419
954,0.7643073193820933,0,0.7705379737683794,0.7685534208530044,0.7771259330316492
955,0.7683907313189753,0,0.7732829666852012,0.7711190357446185,0.7733237275130834
956,0.7755905260989662,0,0.7694295256000032,0.7780695776764333,0.7813341340439105
957,0.7949084622275365,0,0.7796299065485073,0.7844064672768581,0.77724841758462
958,0.8188352973567221,0,0.7964447618944254,0.7778561508711391,0.7695935033738773
959,0.7315557373534738,0,0.7817664989792471,0.7708912945832254,0.7675192340592665
960,0.7335664498794142,0,0.7613191615298547,0.7657306761993823,0.7696925016291354
961,0.7497874341797668,0,0.7383032071375434,0.763469704615477,0.7545876101233294
962,0.7836036043080408,0,0.7556524961224037,0.733673902255805,0.7268148400555512
963,0.6698562855584058,0,0.734415774682058,0.7074625691357369,0.6940779218537533
964,0.6004990717531302,0,0.6846529872065048,0.6786846531486844,0.6890695964923778
965,0.5896768699441692,0,0.6200107424185338,0.6680266582774947,0.6812260114787867
966,0.6964974598238459,0,0.6288911338403599,0.6470382083727373,0.6859360993509297
967,0.6786613547842392,0,0.654945228184071,0.6696185611180226,0.6922211294260185
968,0.7827580492847483,0,0.7193056212976217,0.7150385097341314,0.7016068493451583
969,0.8275988148336847,0,0.7630060729675657,0.7442144007437719,0.7341136751691367
970,0.735556324992339,0,0.7819710630369249,0.7705242792831996,0.7656293156298943
971,0.8280468525210078,0,0.7970673307823214,0.796849278960235,0.7876986018056219
972,0.8102863531694445,0,0.7912965102275772,0.810494161714064,0.808868579251355
973,0.8509824630539162,0,0.8297718895814418,0.8103446381282083,0.8152290399702581
974,0.8268511969043586,0,0.829373337709247,0.8286896279931625,0.8155557453117775
975,0.8272812743171344,0,0.8350383114251372,0.8290574079338284,0.8283694233735852
976,0.8298857522242628,0,0.828006074481929,0.832050551584939,0.8326318186179671
977,0.8252520714249281,0,0.8274730326554618,0.8334307828204828,0.827705340781644
978,0.8578836192316186,0,0.8376738142936423,0.8232207451026398,0.8148273714557815
979,0.7758010083151715,0,0.8196455663239325,0.8099318257937966,0.8005237303084088
980,0.7608366777728726,0,0.7981737684398998,0.7892998171234922,0.7957191264709503
981,0.7267257088727991,0,0.7544544649869446,0.7829792123294738,0.791471674870812
982,0.7936490474548878,0,0.7604038113668518,0.7714332066878115,0.7692828403407604
983,0.8001535910233725,0,0.7735094491170003,0.7502590509677021,0.7457795503083844
984,0.6699302297146598,0,0.7545776227309489,0.7367638332141269,0.7334832081486086
985,0.6933605890050419,0,0.7211481365809883,0.7293640140789194,0.7261882989737225
986,0.6897266131967431,0,0.6843391439721245,0.7125886672976776,0.7315597822640711
987,0.7097723135486905,0,0.6976198385834778,0.705423167474055,0.7294768090450978
988,0.7643260919051806,0,0.7212750062168803,0.727250768515546,0.7152791030324254
989,0.7790682349221016,0,0.7510555467919934,0.7287325805014688,0.7166543276434335
990,0.700769648934584,0,0.7480546585873071,0.7266986182604569,0.7246279220084132
991,0.6795568019916505,0,0.7197982286161277,0.7345793054626938,0.7284147503449471
992,0.7491757495598583,0,0.7098340668287241,0.7249609693921457,0.7274749470947199
993,0.7162344115524781,0,0.7149889877013417,0.7097860605671485,0.7230575602626946
994,0.7031936907971006,0,0.7228679506364794,0.7163130075964318,0.7083214079655298
995,0.7334043840810278,0,0.7176108288102038,0.7155846809664809,0.7071257228658396
996,0.675915168841965,0,0.7041710812400197,0.7042295017018659,0.7026861530338238
997,0.6923998532368132,0,0.7005731353865864,0.6906785820248842,0.6949279312735988
998,0.648479813167532,0,0.6722649450820958,0.6890134833131242,0.7064708623035553
999,0.6948681972382915,0,0.6785826212142183,0.7017395922493506,0.7232706837004831
1000,0.7970349287621806,0,0.7134609797226782,0.7307150465960831,0.7381489298804159
1001,0.820792440575641,0,0.7708985221920178,0.7597454974168386,0.7662665269912655
1002,0.8375521073405479,0,0.8184598255594437,0.8045972045068993,0.7950137880326013
1003,0.8727383486178996,0,0.8436942988446768,0.8443497011644695,0.8359559127746609
1004,0.8936306805261218,0,0.867973712161529,0.8719576526844321,0.8745235260540605
1005,0.9350746863619954,0,0.9004812385020008,0.9007674626081326,0.8977360345275461
1006,0.9648414901941138,0,0.9311822856940731,0.9251615387553329,0.9233371144453193
1007,0.9595224880765706,0,0.9531462215442161,0.9506138690317585,0.9424527753187704
1008,1.0,0,0.9747879927568874,0.9661600796174753,0.952329475392373
1009,0.9713617334547833,0,0.9769614071771002,0.9675201921716962,0.9504492868276689
1010,0.9418752491331348,0,0.9710789941959396,0.9506457662475214,0.9437737348288563
1011,0.8804693605731693,0,0.9312354477203447,0.9364104331062663,0.9229507924985195
1012,0.8883458223703107,0,0.9035634773588678,0.9002266118826128,0.9126840374480351
1013,0.8190808938816811,0,0.8626320256084151,0.8834853057363035,0.891964984025159
1014,0.8876552027231613,0,0.8650273063250703,0.866103581117659,0.8785193367023761
1015,0.8549666260398667,0,0.8539009075482605,0.8654581494420654,0.8747376760783092
1016,0.8772422021952169,0,0.8732880103194324,0.8708697099209303,0.8810703682322745
1017,0.9154036247645871,0,0.882537484333246,0.8920131722747783,0.893762965416613
1018,0.9247982056509807,0,0.9058146775369474,0.9099209322622756,0.919608552004937
1019,0.9771940026607036,0,0.9391319443587539,0.9389276070543019,0.9356578087587683
1020,1.0,0,0.96733073610388,0.9634791666152523,0.9563768621816442
1021,1.0,0,0.992398000886889,0.9803984416623279,0.973913690439466
1022,1.0,0,1.0,0.9954388005321334,0.9859988869016628
1023,1.0,0,1.0,1.0,0.9967420003800953
1024,1.0,0,1.0,1.0,1.0
1025,1.0,0,1.0,1.0,1.0
1026,1.0,0,1.0,1.0,1.0
1027,1.0,0,1.0,1.0,0.944712898943765
1028,1.0,0,1.0,0.922598058521271,0.8526622033527117
1029,0.6129902926063966,0,0.8709967642021184,0.7937270846937963,0.7570971948911327
1030,0.3556451308626414,0,0.6562118078229938,0.6599360728475858,0.6862238320503918
1031,0.33104494076889585,0,0.4332267880793097,0.5607133648705485,0.6506509734780204
1032,0.5038864601147757,0,0.3968588439154625,0.5109113628692284,0.6303551790902345
1033,0.7509899899934411,0,0.5286404636257203,0.5598991922050572,0.6270867529942247
1034,0.857929439285473,0,0.704268629797904,0.6841943694981183,0.6823738540504597
1035,0.9771210173279202,0,0.8620134822022768,0.8179853813443287,0.7744245496415131
1036,1.0,0,0.9450168188711435,0.9172080893213661,0.869989558103092
1037,1.0,0,0.9923736724426439,0.9670100913226861,0.940862920943833
1038,1.0,0,1.0,0.9954242034655862,0.9764357795162043
1039,1.0,0,1.0,1.0,0.9967315739039903
1040,1.0,0,1.0,1.0,1.0
1041,1.0,0,1.0,1.0,0.9974502746553883
1042,1.0,0,1.0,0.9964303845175436,0.9931981604991377
1043,0.9821519225876967,0,0.9940506408625728,0.9904774246987926,0.9869882303027973
1044,0.9702352009062382,0,0.9841290411646545,0.9817835224239161,0.9813059532453475
1045,0.9565304886256704,0,0.9696392040398601,0.9738283345434866,0.9745990583328583
1046,0.9602240605978425,0,0.9623299167099049,0.9644386816660017,0.9744212075021973
1047,0.9530517356126293,0,0.9566020949453483,0.9677593059855326,0.9727141247976111
1048,0.9987550441853978,0,0.9706769467986002,0.9713223500178628,0.9672374683732252
1049,0.9880504210679364,0,0.979952400288615,0.9687793178161428,0.9661732001615064
1050,0.9438153276169732,0,0.9768735976234287,0.9692915703814151,0.9617870963259715
1051,0.9627853234242354,0,0.9648836907030424,0.9638467756142746,0.9054255276556822
1052,0.9258277617768891,0,0.9441428042727011,0.8772343827583654,0.8212387365660854
1053,0.5656930799058636,0,0.8181020550356379,0.7523731381418657,0.7239944467890739
1054,0.36374419798534086,0,0.6184216798893658,0.6272190757677208,0.632991540865906
1055,0.3180450157463085,0,0.41582743121250587,0.5048680270040222,0.5509004648052463
1056,0.3510300796057312,0,0.34427309777913706,0.3935380336871276,0.463865115498509
1057,0.36917779519244376,0,0.34608429684813774,0.3511069933613726,0.38240293264027514
1058,0.3535378782770362,0,0.35791525102505756,0.3494766501181402,0.35949136191597325
1059,0.35559248176920033,0,0.35943605174622917,0.36693006393602445,0.38895139170173415
1060,0.4053120848357083,0,0.37148081496066726,0.4107169293120251,0.43320020703561113
1061,0.5699644064857048,0,0.4436229910302245,0.4624387148902315,0.48214326814896985
1062,0.6277867230834178,0,0.5343544048016232,0.5304574407146674,0.5264043470277459
1063,0.6936315073992458,0,0.6304608789894625,0.5951400138295867,0.5604872158041709
1064,0.6790053473437964,0,0.6668078592754986,0.6325011888048493,0.5747649795691488
1065,0.5921179597120596,0,0.6549182714850303,0.6096156731325209,0.5700588105738851
1066,0.4555368281241104,0,0.5755533783933137,0.558532108889608,0.5428049598697271
1067,0.3723689018688579,0,0.4733412299016588,0.49564329772108523,0.4980713575063679
1068,0.37918745155657096,0,0.4023643938498556,0.42277252956030226,0.443243112204982
1069,0.3146515065399048,0,0.35540261998846745,0.366315695675803,0.39081581764943557
1070,0.30983379028955205,0,0.3345575827953553,0.337611187141988,0.3606657044414468
1071,0.3120142854550301,0,0.3121665274281516,0.3393508402194357,0.3519292952671549
1072,0.3810671672560747,0,0.33430508100021444,0.3423897426889198,0.3593631812961543
1073,0.39438196390409425,0,0.3624878055383836,0.36434066219530903,0.378613544054945
1074,0.42440610407190904,0,0.39995174507733583,0.4051619023110334,0.4067054851980986
1075,0.5139399908682005,0,0.4442426862813515,0.44501806412843053,0.4317901205548651
1076,0.5112950945419577,0,0.4832137298273362,0.46588987823458866,0.45770103860528316
1077,0.4854262377868738,0,0.5035537743990138,0.4856916278153676,0.4747212997405086
1078,0.49339071180793653,0,0.49670401471227404,0.5008522060415317,0.4961488853512037
1079,0.5002089952027395,0,0.49300864826583773,0.506939220503682,0.507734495759954
1080,0.5443750631789301,0,0.5126582567298404,0.5057812769819066,0.5035556280429481
1081,0.5055053769331157,0,0.5166964784382344,0.5056336127943496,0.4938066535050406
1082,0.484687916849154,0,0.5115227856537103,0.49556592498809093,0.48694232922503033
1083,0.44305227277661174,0,0.47774852218628894,0.4829993195129191,0.4794241040156229
1084,0.4373759678268108,0,0.45503871915085864,0.46227693394555447,0.4676908236674535
1085,0.4407631353420861,0,0.4403971253151819,0.444791065112031,0.4583179965203499
1086,0.4180760327655476,0,0.4320717119781345,0.4436065363720445,0.451443738894974
1087,0.47876527314923534,0,0.44586814708558603,0.44647319652781337,0.44264557139748767
1088,0.45738557355551684,0,0.4514089598233871,0.44361815183578984,0.43826531661738954
1089,0.42310074436669876,0,0.45308386369045667,0.4379436226305643,0.433320428742653
1090,0.41239048931597344,0,0.43095893574604816,0.4348807666181983,0.4292019837545565
1091,0.40276175270364983,0,0.4127509954621094,0.4215145160734437,0.4316888741151225
1092,0.41193402042540345,0,0.40902875414834244,0.4171342544202389,0.4305752987006112
1093,0.43548426528948303,0,0.4167266794728448,0.4267081545964174,0.4335054817095007
1094,0.47097024524764014,0,0.4394628436541552,0.439809427656769,0.453850227170603
1095,0.4778968546177562,0,0.4614504550515903,0.47235986963491994,0.4649088930808115
1096,0.5655139625944261,0,0.5047936874865778,0.48793329568732136,0.48276722330202965
1097,0.4898011506874525,0,0.5110706559665156,0.5063904554798683,0.4959645209014362
1098,0.5277700642521808,0,0.5276950591780102,0.5130594271545987,0.5040709511077271
1099,0.5043151036212015,0,0.5072954395202866,0.5159259115777559,0.5055430936220578
1100,0.4922292767335513,0,0.5081048148689812,0.49907816762845414,0.520685534186636
1101,0.4812752428479691,0,0.49260654106755436,0.5178967252049234,0.521986495464148
1102,0.5838939385697755,0,0.5191328193837231,0.5272668506618856,0.5277843445033535
1103,0.5746206915369845,0,0.5465966243182265,0.5324810487300056,0.536663849339415
1104,0.5303860939618078,0,0.5629669080228723,0.5520205130042314,0.5466637234587454
1105,0.5899265981045999,0,0.5649777945344946,0.5706283089259614,0.5568019171129208
1106,0.5743142224565512,0,0.5648756381743473,0.5664888476745545,0.5733097113059265
1107,0.5631966323127484,0,0.5758124842913048,0.5709306698069441,0.5740921537121396
1108,0.5968298021989644,0,0.5781135523227476,0.5827276580972238,0.5752970975279043
1109,0.5893710354132135,0,0.5831324899749765,0.5813533981257706,0.5832381513094528
1110,0.5830552982473127,0,0.5897520452865214,0.583685247720996,0.5832953391405908
1111,0.5859734704327184,0,0.5861332680311003,0.5891113038429694,0.5856973303208731
1112,0.590326912922641,0,0.5864518938675474,0.5879709755468866,0.5830185546971701
1113,0.5911281607185749,0,0.5891428480246077,0.5789858090535972,0.5726083682612365
1114,0.544445202946792,0,0.5753000921959787,0.5671664488336091,0.5492600279923506
1115,0.5239584971474589,0,0.5531772869375876,0.5351582854532808,0.5229196045930037
1116,0.4259326535310387,0,0.49811211787509063,0.4968273697591485,0.5018360187389784
1117,0.39867233445192485,0,0.44952116171013284,0.46627941150634344,0.48377223181619555
1118,0.438388369454465,0,0.4209977858124982,0.45016645180960496,0.4651034481567454
1119,0.46388040446315904,0,0.4336470361231856,0.43746408740059906,0.44870211734460747
1120,0.4604466751023353,0,0.45423848300667186,0.43820473414675687,0.41448010680851766
1121,0.4296358872618916,0,0.4513209889424464,0.41535115193532873,0.38620198975708525
1122,0.28440442339478184,0,0.3914956619196725,0.37327064487863026,0.3649711723261037
1123,0.22798583417103724,0,0.31400871494255017,0.3305058864730199,0.3389349291410489
1124,0.2500566124351086,0,0.2541489566669573,0.28964348488436825,0.3152320272792752
1125,0.25613466715915817,0,0.24472570458840437,0.2633083257181397,0.29309316949957065
1126,0.29796009143067653,0,0.2680504570082955,0.26752237516807326,0.2768224306086852
1127,0.30547467064446954,1,0.28652314307809473,0.28507335133899686,0.28078240001091864
1128,0.3157407150256526,0,0.3063918257002645,0.2974868706940697,0.2909638607683941
1129,0.31212420921045525,0,0.3111131982935073,0.3061111491569136,0.29841376493456145
1130,0.29925605947336864,0,0.30904032790313823,0.3069603191904207,0.30617510560900235
1131,0.30220594159820785,0,0.30452873676066855,0.30795819543757263,0.31215579117289444
1132,0.3104640518802672,0,0.3039753509839329,0.3127750305080326,0.3126245980133717
1133,0.3398248903778944,0,0.31749829461879625,0.31210145237150755,0.30525570485516645
1134,0.30875631852775404,0,0.3196817535953187,0.30508193306047815,0.29355634618631093
1135,0.26415846291822775,0,0.3042465572746475,0.290686484446519,0.28770500425256224
1136,0.23022869852839228,0,0.2677144933248125,0.2802530072578975,0.2859060037711255
1137,0.2582966659371321,0,0.2508946091279161,0.27021061682794423,0.28215471146334686
1138,0.28961293822812173,0,0.2593794342312397,0.26530035426753784,0.277772021482893
1139,0.28420500572578145,0,0.27737153663035014,0.2742978737868498,0.2811946796771768
1140,0.3091460605147965,1,0.2943213348229013,0.29479511925871976,0.28517831352688255
1141,0.33271492588774604,0,0.3086886640427717,0.3015445660445266,0.2965724603370908
1142,0.2920438998661764,0,0.31130162875623074,0.3056195236388703,0.3104618305288633
1143,0.3099877261998457,0,0.3115821839846073,0.31988297394962045,0.3166547681450019
1144,0.3555222572794636,0,0.3191846277818513,0.3246464621548967,0.31740958592812213
1145,0.33296350154114196,0,0.33282449500685135,0.3160012230188613,0.310621482716296
1146,0.28948873020763904,0,0.32599149634275665,0.3099183106520286,0.29822828007461666
1147,0.26162933803195215,0,0.29469385659357766,0.297113266891256,0.2897731492136505
1148,0.24596250739604608,0,0.26569352521187284,0.27258041220322865,0.2802100194955009
1149,0.23285798383934941,0,0.2468166097557969,0.25459687552956894,0.2636388140873578
1150,0.2430458181729005,0,0.24062210313608526,0.24460389337255037,0.2549239661986868
1151,0.23952381942248907,0,0.23847587381158064,0.24666993903024376,0.2507260330523877
1152,0.2719595663204965,0,0.2515097346386028,0.2494980771877408,0.24840015541769844
1153,0.2601031981834793,0,0.25719552797549267,0.2519961193376957,0.25389301851381724
1154,0.24534819458916773,0,0.2591369863643725,0.2602694655168989,0.2571900212934842
1155,0.28441254906884056,0,0.2632879806138438,0.2635521022918056,0.26096926029702316
1156,0.25593700329703944,0,0.26189924898502187,0.2630602872672398,0.2636186187103736
1157,0.2695004911976531,0,0.26995001452117623,0.2626535132937306,0.261925168540675
1158,0.2580693283160209,0,0.26116894093687887,0.26560495740241097,0.25806854519006656
1159,0.2601054151325888,0,0.2625584115487148,0.25534381453448984,0.25851593280466595
1160,0.23310683472930133,0,0.25042719272592723,0.25385239545335025,0.2504799426110204
1161,0.2484799078913496,0,0.24723071925105464,0.2455844207564951,0.2498368677146183
1162,0.22816061771332052,0,0.23658245344464982,0.24425765089774815,0.24488035597120675
1163,0.2514354790222265,0,0.2426920015423093,0.23919754966998424,0.24566222926299425
1164,0.2348049089937561,0,0.23813366857643814,0.2452846709958294,0.24572338030824475
1165,0.2635424413585068,0,0.24992760979148443,0.24769538390742127,0.2450004495696833
1166,0.26053347244925734,0,0.25296027426717654,0.24767252427661787,0.24741722388292992
1167,0.22804631955934035,0,0.25070741112237255,0.25046489408898653,0.24953767297511473
1168,0.26539732808402994,0,0.25132570669757115,0.2521046645619663,0.25343305050648723
1169,0.24300376135866975,0,0.24548246966734646,0.2551368006386383,0.25850656258778926
1170,0.2787031217418504,0,0.2623680703948518,0.25709400486134654,0.25925231030914475
1171,0.27031949356280965,0,0.2640087922211099,0.26523727603107544,0.2614172273097698
1172,0.2687626754080041,0,0.2725950969042212,0.2672953887049971,0.26525403116469143
1173,0.27568789145369355,0,0.27159002014150246,0.26967542574202524,0.266453897184793
1174,0.25490394654377063,0,0.26645150446847765,0.2686940794386146,0.27036513171484394
1175,0.2737963902247852,0,0.2681294094074171,0.2687066613398429,0.2693465652163565
1176,0.27038240306897443,0,0.2663609132791862,0.2692687575087348,0.26690664307745593
1177,0.27157315625243444,0,0.2719173165154037,0.2647791869361072,0.26524193488793507
1178,0.25324003859054367,0,0.2650651993039901,0.26522034124361654,0.26122131460876324
1179,0.2571097180813721,0,0.26064097097476707,0.2599697730985554,0.25579862118474594
1180,0.24754354949943386,0,0.2526311020571181,0.24928231099988807,0.2475850714406858
1181,0.21694509257564265,0,0.24053278671882103,0.2382279881526756,0.24056102333923132
1182,0.21630154201642232,0,0.2269300613638355,0.2318227937063284,0.23587037746647507
1183,0.22121406635881669,0,0.2181535669836118,0.2281485771186908,0.23347617115134003
1184,0.2387386351431019,0,0.22541808117277165,0.22593598609571472,0.23007433937561927
1185,0.23648059438455088,0,0.23214443196218326,0.22920634671083917,0.22734024912928621
1186,0.2332968956512897,0,0.23617204172633896,0.23162702186259593,0.23397059752466834
1187,0.22840491777511046,0,0.23272746927034405,0.24005571485949986,0.23725341718987433
1188,0.26335753134331435,0,0.24168644825658703,0.24016424376543455,0.2475004969717897
1189,0.23928127967276608,0,0.2436812429304306,0.2514568498549579,0.2604767013251928
1190,0.29294362483220354,0,0.26519414528278656,0.27071188384809375,0.26825287940794496
1191,0.329572065616996,1,0.2872656567073288,0.28321366848583696,0.27552451117420723
1192,0.2909138409639234,0,0.3044765104710147,0.2873818258201936,0.2928160249551703
1193,0.28419831801515527,0,0.3015614081986466,0.3094146727340103,0.3017258498792736
1194,0.3494455142418835,1,0.3081858910736249,0.3159712089299774,0.33278899591932387
1195,0.32572630581206524,0,0.3197900460230206,0.34140145619721807,0.3517785539866379
1196,0.4567233019531661,0,0.3772983740023695,0.36839279426512805,0.3575090455672288
1197,0.42587053130343294,0,0.40277337968954424,0.3854902319983239,0.3662814689279393
1198,0.36968550668112016,0,0.4174264466458908,0.38606529004771345,0.4018138116827653
1199,0.3523208044887856,0,0.3826256141577839,0.427504972345082,0.46051959244469537
1200,0.5329247172988576,0,0.41831034282294394,0.4882375078695304,0.5564072246230093
1201,0.7603859795754162,0,0.5485438337877137,0.6024513478208974,0.6340181814868434
1202,0.9969397310602808,0,0.7634168093115173,0.7285142464846786,0.7160366770149267
1203,1.0,0,0.919108570211885,0.8580500855869104,0.8060816046319133
1204,1.0,0,0.9989799103534173,0.951465142127131,0.8986072039906503
1205,1.0,0,1.0,0.9993879462120503,0.9653322443765221
1206,1.0,0,1.0,1.0,0.9995628187228931
1207,1.0,0,1.0,1.0,1.0
1208,1.0,0,1.0,1.0,1.0
1209,1.0,0,1.0,1.0,0.991892543284832
1210,1.0,0,1.0,0.9886495605987647,0.9362160609243964
1211,0.9432478029938298,0,0.9810826009979413,0.910702485294155,0.8648737767260855
1212,0.6102646234769723,0,0.8511708088235915,0.8108232874165197,0.7958224078354306
1213,0.5006040106118331,0,0.6847054790275328,0.7141513709696028,0.767984106544012
1214,0.5166404177654501,0,0.54250301728473,0.6751777491616167,0.7665466111096748
1215,0.8051318909600134,0,0.6074587731124362,0.6845156949547799,0.7665466111096748
1216,0.9899375319596304,0,0.7705699468950419,0.7624627702593898,0.7643562013495122
1217,1.0,0,0.9316898076399033,0.8479249550715622,0.7535353932775836
1218,0.9279149346726774,0,0.9726174888774418,0.8515006649131692,0.8056546304331798
1219,0.5345189669734771,0,0.8208113005487121,0.8635620208613546,0.8747059993238346
1220,0.865438670701006,0,0.7759575241157108,0.8655745144694265,0.9025443006152533
1221,1.0,0,0.7999858792248157,0.8655745144694265,0.9039817960495904
1222,1.0,0,0.9551462235669987,0.8799915275348894,0.9039817960495904
1223,1.0,0,1.0,0.9730877341401992,0.914264122216764
1224,1.0,0,1.0,0.9999782435685802,0.9520894458483359
1225,0.9998912178429104,0,0.9999637392809669,0.959837490047471,0.9713124928910507
1226,0.7992962323944792,0,0.9330624834124516,0.959837490047471,0.9713124928910507
1227,1.0,0,0.9330624834124516,0.959837490047471,0.9713124928910507
1228,1.0,0,0.9330987441314846,0.959837490047471,0.9713124928910507
1229,1.0,0,1.0,0.9598592464788908,0.9605919598883149
1230,1.0,0,1.0,0.98499125379617,0.960607500196472
1231,0.9249562689808987,0,0.9749854229936167,0.98499125379617,0.9892794669972643
1232,1.0,0,0.9749854229936167,0.98499125379617,0.9892794669972643
1233,1.0,0,0.9749854229936167,0.98499125379617,0.9892794669972643
1234,1.0,0,1.0,0.98499125379617,0.9892794669972643
1235,1.0,0,1.0,1.0,0.9876695394320579
1236,1.0,0,1.0,0.9977461014087112,0.9894152817047696
1237,0.9887305070435902,0,0.996243502347852,0.9851813943866773,0.9894152817047696
1238,0.9371764648897869,0,0.9753023239777955,0.9851813943866773,0.9894152817047696
1239,1.0,0,0.9753023239777955,0.9851813943866773,0.9894152817047696
1240,1.0,0,0.9790588216299435,0.9851813943866773,0.9894152817047696
1241,1.0,0,1.0,0.9874352929779662,0.9894152817047696
1242,1.0,0,1.0,1.0,0.9892983977620295
1243,1.0,0,1.0,0.9975824638888753,0.9914877484858542
1244,0.9879123194443832,0,0.9959707731481254,0.988082847880196,0.9806931564781962
1245,0.9525019199565671,0,0.9801380798003265,0.9729704190694747,0.9599185989331025
1246,0.924437855946407,0,0.9549506984491245,0.9438860385063436,0.9257906524298148
1247,0.8545780971842909,0,0.9105059576957805,0.8961069134017408,0.8949011031603992
1248,0.7611043744769765,0,0.8467067758692414,0.8552790805356836,0.8726866042753402
1249,0.7837731551141116,0,0.7998185422584735,0.8336783981052804,0.8568006681030218
1250,0.844498507804591,0,0.796458679131888,0.8241329801636311,0.8483479492605122
1251,0.8767107662381783,0,0.8349941430522753,0.8318839383385693,0.8428019413931744
1252,0.8933328880590915,0,0.8715140540339235,0.8567862236181781,0.8427916530880241
1253,0.8856158008750075,0,0.8852198183907376,0.8709328084050185,0.8579210698972507
1254,0.8545060790483153,0,0.8778182559941191,0.8754351652724154,0.870459573571793
1255,0.8670102921415241,0,0.8690440573549646,0.8744015481919633,0.8710552445674499
1256,0.8715426808358908,0,0.864353017341917,0.8654686115349932,0.8668979588586418
1257,0.8486682047741954,0,0.8624070592505481,0.8578674046152855,0.864267878141553
1258,0.8476097662764692,0,0.8559402172955212,0.8619506534135098,0.8625560774430758
1259,0.8749223230393772,0,0.8570667646966967,0.8632752341823334,0.8570538580342243
1260,0.8736331959856976,0,0.865388428433865,0.8521648066524221,0.8417239609313063
1261,0.8159905431863577,0,0.8548486874038114,0.8343713681818145,0.8302847226897906
1262,0.759701012421186,0,0.816441583864389,0.8231430175555715,0.8271072534262528
1263,0.7914680131453133,0,0.7890531895842514,0.8134437369335729,0.8348796450975442
1264,0.8264259199293634,0,0.7925316484986146,0.8191203993315412,0.8365593348961186
1265,0.9020165079754905,0,0.8399701470167429,0.833258321020162,0.8404658424624684
1266,0.8866801516294687,0,0.8717075265114621,0.8615138683259602,0.8532215492760022
1267,0.9009787489501265,0,0.8965584695183679,0.8842763638731185,0.8734582071134908
1268,0.9052804908810907,0,0.8976464638202136,0.8992627033439475,0.8737044845510614
1269,0.9013576172835163,0,0.9025389523715907,0.8774977927904957,0.860118155765755
1270,0.793191955208314,0,0.866610021124302,0.8464260861510639,0.8365221897499201
1271,0.7313216184323069,0,0.8086237303080376,0.8135992855339736,0.8218570540082543
1272,0.7368447458646938,0,0.7537861065017447,0.7893480276453146,0.8134666047793156
1273,0.7840242014377754,0,0.7507301885782454,0.7775256250581151,0.8127501458388257
1274,0.8422456043475441,0,0.7877048505500094,0.7989402896759884,0.8159314158666088
1275,0.9002652782976499,0,0.8421783613609932,0.8374012674851429,0.8344148888933854
1276,0.9236265074780893,0,0.8887124633744179,0.8745475715913471,0.8564627239335648
1277,0.922576266395732,0,0.9154893507237981,0.8948740240464985,0.8718090007730227
1278,0.8856564637135522,0,0.9106197458624289,0.8952786399251635,0.8809703392584944
1279,0.8442686837408486,0,0.884167137950044,0.884856298432851,0.8843906292576419
1280,0.8481535708360344,0,0.8593595727634996,0.8733685238055614,0.8850734157520037
1281,0.8661876343416266,0,0.8528699629728559,0.869862227278054,0.8887028151596853
1282,0.9050447837582039,0,0.8731286629786155,0.8825373952017117,0.8914890115510811
1283,0.9490323033318073,0,0.9067549071438634,0.9020995866806288,0.8976029783478258
1284,0.9420796411354018,0,0.9320522427418231,0.9181597187715624,0.9092119173299936
1285,0.9284542312907119,0,0.939855391919347,0.9300284432264562,0.9205115069367074
1286,0.9255312566161551,0,0.9320217096807634,0.9344696260914361,0.9316675919234123
1287,0.9272506980829733,0,0.9270787286632943,0.9335192112747791,0.9396130895370172
1288,0.9442802292486443,0,0.9323540613158912,0.9372359364583644,0.9407941262956488
1289,0.9606632670533082,0,0.9440647314616702,0.943005002328664,0.9463850452285831
1290,0.957299560642201,0,0.9540810189813934,0.9541419657386541,0.95606442551249
1291,0.9812160736660116,0,0.9663929671205551,0.9679338047776582,0.9667028174244804
1292,0.9962098932780394,0,0.9782418425287839,0.9790777589279515,0.9770955748411845
1293,1.0,0,0.9924753223147036,0.9869451055172703,0.9850555420913939
1294,1.0,0,0.9987366310926973,0.9954851933888221,0.9906750753694789
1295,1.0,0,1.0,0.9992419786556184,0.996775138134873
1296,1.0,0,1.0,1.0,0.9994585561825845
1297,1.0,0,1.0,1.0,1.0
1298,1.0,0,1.0,1.0,1.0
1299,1.0,0,1.0,1.0,1.0
1300,1.0,0,1.0,1.0,1.0
1301,1.0,0,1.0,1.0,1.0
1302,1.0,0,1.0,1.0,1.0
1303,1.0,0,1.0,1.0,1.0
1304,1.0,0,1.0,1.0,1.0
1305,1.0,0,1.0,1.0,1.0
1306,1.0,0,1.0,1.0,1.0
1307,1.0,0,1.0,1.0,1.0
1308,1.0,0,1.0,1.0,1.0
1309,1.0,0,1.0,1.0,1.0
1310,1.0,0,1.0,1.0,1.0
1311,1.0,0,1.0,1.0,1.0
1312,1.0,0,1.0,1.0,1.0
1313,1.0,0,1.0,1.0,1.0
1314,1.0,0,1.0,1.0,1.0
1315,1.0,0,1.0,1.0,1.0
1316,1.0,0,1.0,1.0,1.0
1317,1.0,0,1.0,1.0,0.9732323238098226
1318,1.0,0,1.0,0.9625252533337516,0.9155472737273678
1319,0.812626266668742,0,0.937542088889586,0.8817661832183148,0.868684741204171
1320,0.5962046494228648,0,0.8029436386971914,0.8161586376858395,0.832699174541988
1321,0.6719622723376072,0,0.6935977294763992,0.7657788443587833,0.8168234549420309
1322,0.7481010333646109,0,0.6720893183750528,0.7435528369188432,0.8168234549420309
1323,0.8888699628003087,0,0.769644422834214,0.7810275835850916,0.8168234549420309
1324,1.0,0,0.8789903320550062,0.8617866537005284,0.8435911311322083
1325,1.0,0,0.9629566542667666,0.9273941992330037,0.9012761812146631
1326,1.0,0,1.0,0.9777739925600599,0.9481387137378599
1327,1.0,0,1.0,1.0,0.9841242804000429
1328,1.0,0,1.0,1.0,1.0
1329,1.0,0,1.0,1.0,1.0
1330,1.0,0,1.0,1.0,1.0
1331,1.0,0,1.0,1.0,1.0
1332,1.0,0,1.0,1.0,1.0
1333,1.0,0,1.0,1.0,1.0
1334,1.0,0,1.0,1.0,1.0
1335,1.0,0,1.0,1.0,1.0
1336,1.0,0,1.0,1.0,1.0
1337,1.0,0,1.0,1.0,1.0
1338,1.0,0,1.0,1.0,1.0
1339,1.0,0,1.0,1.0,1.0
1340,1.0,0,1.0,1.0,1.0
1341,1.0,0,1.0,1.0,1.0
1342,1.0,0,1.0,1.0,1.0
1343,1.0,0,1.0,1.0,1.0
1344,1.0,0,1.0,1.0,1.0
1345,1.0,0,1.0,1.0,1.0
1346,1.0,0,1.0,1.0,1.0
1347,1.0,0,1.0,1.0,1.0
1348,1.0,0,1.0,1.0,1.0
1349,1.0,0,1.0,1.0,1.0
1350,1.0,0,1.0,1.0,1.0
1351,1.0,0,1.0,1.0,1.0
1352,1.0,0,1.0,1.0,1.0
1353,1.0,0,1.0,1.0,1.0
1354,1.0,0,1.0,1.0,1.0
1355,1.0,0,1.0,1.0,1.0
1356,1.0,0,1.0,1.0,1.0
1357,1.0,0,1.0,1.0,1.0
1358,1.0,0,1.0,1.0,1.0
1359,1.0,0,1.0,1.0,1.0
1360,1.0,0,1.0,1.0,1.0
1361,1.0,0,1.0,1.0,1.0
1362,1.0,0,1.0,1.0,1.0
1363,1.0,0,1.0,1.0,1.0
1364,1.0,0,1.0,1.0,1.0
1365,1.0,0,1.0,1.0,1.0
1366,1.0,0,1.0,1.0,1.0
1367,1.0,0,1.0,1.0,1.0
1368,1.0,0,1.0,1.0,1.0
1369,1.0,0,1.0,1.0,1.0
1370,1.0,0,1.0,1.0,1.0
1371,1.0,0,1.0,1.0,1.0
1372,1.0,0,1.0,1.0,1.0
1373,1.0,0,1.0,1.0,1.0
1374,1.0,0,1.0,1.0,1.0
1375,1.0,0,1.0,1.0,1.0
1376,1.0,0,1.0,1.0,1.0
1377,1.0,0,1.0,1.0,1.0
1378,1.0,0,1.0,1.0,1.0
1379,1.0,0,1.0,1.0,1.0
1380,1.0,0,1.0,1.0,1.0
1381,1.0,0,1.0,1.0,1.0
1382,1.0,0,1.0,1.0,1.0
1383,1.0,0,1.0,1.0,1.0
1384,1.0,0,1.0,1.0,1.0
1385,1.0,0,1.0,1.0,1.0
1386,1.0,0,1.0,1.0,1.0
1387,1.0,0,1.0,1.0,1.0
1388,1.0,0,1.0,1.0,1.0
1389,1.0,0,1.0,1.0,1.0
1390,1.0,0,1.0,1.0,1.0
1391,1.0,0,1.0,1.0,1.0
1392,1.0,0,1.0,1.0,1.0
1393,1.0,0,1.0,1.0,1.0
1394,1.0,0,1.0,1.0,1.0
1395,1.0,0,1.0,1.0,1.0
1396,1.0,0,1.0,1.0,1.0
1397,1.0,0,1.0,1.0,1.0
1398,1.0,0,1.0,1.0,1.0
1399,1.0,0,1.0,1.0,1.0
1400,1.0,0,1.0,1.0,1.0
1401,1.0,0,1.0,1.0,1.0
1402,1.0,0,1.0,1.0,1.0
1403,1.0,0,1.0,1.0,1.0
1404,1.0,0,1.0,1.0,1.0
1405,1.0,0,1.0,1.0,1.0
1406,1.0,0,1.0,1.0,1.0
1407,1.0,0,1.0,1.0,1.0
1408,1.0,0,1.0,1.0,1.0
1409,1.0,0,1.0,1.0,1.0
1410,1.0,0,1.0,1.0,1.0
1411,1.0,0,1.0,1.0,1.0
1412,1.0,0,1.0,1.0,1.0
1413,1.0,0,1.0,1.0,1.0
1414,1.0,0,1.0,1.0,
1415,1.0,0,1.0,,
